full_name,first_name,middle_names,last_name,date_of_birth,age_at_offense,date_of_death,location,last_known_full_address,crime,flat_or_suite,unit_or_box,house_number,street,city,state,zip_code
Johnathan Smith,Johnathan,,Smith,14/05/1823,32,20/11/1885,London,"221B Baker Street, London",Burglary,,,221B,Baker Street,London,,
Margaret O'Connor,Margaret,,O'Connor,22/08/1845,28,15/03/1902,Dublin,"15 Merrion Square, Dublin",Forgery,,,15,Merrion Square,Dublin,,
Thomas Hardy,Thomas,,Hardy,09/12/1801,45,10/07/1870,Edinburgh,"43 George Street, Edinburgh",Highway Robbery,,,43,George Street,Edinburgh,,
Elizabeth Blackwell,Elizabeth,,Blackwell,01/03/1830,40,25/09/1895,Manchester,"78 King Street, Manchester",Pickpocketing,,,78,King Street,Manchester,,
William Turner,William,,Turner,30/11/1852,25,05/01/1910,Birmingham,"10 Downing Street, Birmingham",Smuggling,,,10,Downing Street,Birmingham,,
Catherine Johnson,Catherine,,Johnson,17/07/1819,30,12/04/1880,Glasgow,"5 Argyle Street, Glasgow",Assault,,,5,Argyle Street,Glasgow,,
George Williams,George,,Williams,28/02/1860,22,18/06/1920,Liverpool,"32 Penny Lane, Liverpool",Counterfeiting,,,32,Penny Lane,Liverpool,,
Mary Brown,Mary,,Brown,05/10/1825,35,30/08/1890,Bristol,"14 Queen Square, Bristol",Arson,,,14,Queen Square,Bristol,,
James Wilson,James,,Wilson,12/04/1840,27,22/12/1905,Leeds,"9 Briggate, Leeds",Murder,,,9,Briggate,Leeds,,
Anne Thompson,Anne,,Thompson,23/09/1855,29,11/11/1915,Sheffield,"21 Fargate, Sheffield",Theft,,,21,Fargate,Sheffield,,
Olivia May,Olivia,,May,25/07/1984,50,05/09/1985,West Jonshire,"29845 Hodges Pine Apt. 143, East Craig, NV 82937",Arson,Apartment 143,,29845,Hodges Pine,East Craig,NV,82937
Brett Mcintosh,Brett,,Mcintosh,09/11/1973,22,06/07/2025,North Maria,"6603 Jessica Falls Suite 611, Morristown, DE 84720",Smuggling,Suite 611,,6603,Jessica Falls,Morristown,DE,84720
Richard Decker,Richard,,Decker,01/08/1974,51,05/02/2029,Lake Brandon,"0935 Kennedy Center, Jacksonport, MN 56652",Theft,,,0935,Kennedy Center,Jacksonport,MN,56652
Christopher Martin,Christopher,,Martin,18/11/1966,25,02/04/2000,Jessicaville,"756 Anderson Underpass Apt. 437, Herbertfurt, IA 29888",Pickpocketing,Apartment 437,,756,Anderson Underpass,Herbertfurt,IA,29888
Kirk Aguilar,Kirk,,Aguilar,28/08/1994,40,28/07/2039,Courtneyside,"71105 Joyce Lodge Suite 073, Coleside, TX 95425",Burglary,Suite 073,,71105,Joyce Lodge,Coleside,TX,95425
Vanessa Mendoza,Vanessa,,Mendoza,02/08/2004,50,29/07/2015,Waynefort,"582 Gonzalez Forge Suite 611, Connormouth, KS 79601",Assault,Suite 611,,582,Gonzalez Forge,Connormouth,KS,79601
Kevin Kramer II,Kevin,Kramer,II,04/10/1964,54,01/01/2020,Lake Scottton,"559 Nelson Hills Apt. 989, Kimport, VA 90411",Arson,Apartment 989,,559,Nelson Hills,Kimport,VA,90411
Brandy Perkins,Brandy,,Perkins,26/06/1991,34,22/03/2022,South Helen,"4880 Sarah Plain Apt. 634, East Javierfort, OH 73331",Assault,Apartment 634,,4880,Sarah Plain,East Javierfort,OH,73331
Mrs. Julie Davis,Mrs.,Julie,Davis,23/04/1980,49,01/09/2000,Port Cynthia,"Unit 3731 Box 3503, DPO AE 89458",Assault,,Unit 3731 Box 3503,,,DPO AE 89458,,
Latoya Russo,Latoya,,Russo,07/02/1970,38,16/07/2002,Port Lindseyfurt,"USCGC George, FPO AA 12172",Theft,,,,USCGC George,FPO AA 12172,,
Stephen Andrews,Stephen,,Andrews,16/08/1984,55,15/05/1985,East Joseph,"44131 Davis Ports Suite 301, Davenportstad, DE 88880",Theft,Suite 301,,44131,Davis Ports,Davenportstad,DE,88880
Laura Thompson,Laura,,Thompson,28/01/1988,48,29/09/2041,New Coryland,"0262 Tammy Tunnel, New Raymond, OR 69110",Pickpocketing,,,0262,Tammy Tunnel,New Raymond,OR,69110
Jeffrey Mathis,Jeffrey,,Mathis,11/11/1966,22,30/04/2072,New Rachelhaven,"604 Miller Squares, Lake Mitchell, OH 27938",Theft,,,604,Miller Squares,Lake Mitchell,OH,27938
Catherine Klein,Catherine,,Klein,28/04/1998,46,26/07/2007,Harrisonhaven,"6242 Nicole Pike, Jamesview, LA 34252",Arson,,,6242,Nicole Pike,Jamesview,LA,34252
John Torres,John,,Torres,04/03/1978,53,18/03/2045,New David,"72497 Nelson Club, Lake Michelleville, MN 72352",Burglary,,,72497,Nelson Club,Lake Michelleville,MN,72352
Michael Duffy,Michael,,Duffy,24/07/1970,59,30/08/1973,Jeffton,"1960 Misty Roads Apt. 546, Marioberg, MD 65967",Arson,Apartment 546,,1960,Misty Roads,Marioberg,MD,65967
Rhonda Brown,Rhonda,,Brown,23/03/1971,24,26/08/1985,Jameshaven,"89796 Bowers Garden, Fernandoland, RI 84177",Burglary,,,89796,Bowers Garden,Fernandoland,RI,84177
Carol Sanchez,Carol,,Sanchez,23/08/1965,59,04/02/2033,Lake Jamieton,"27270 Rebekah Ranch Apt. 313, Port Lindastad, NV 66765",Highway Robbery,Apartment 313,,27270,Rebekah Ranch,Port Lindastad,NV,66765
Phillip Taylor,Phillip,,Taylor,11/02/1998,25,04/04/2025,Theresaland,"2864 Michael Meadows Suite 882, New Stephanie, CO 10553",Arson,Suite 882,,2864,Michael Meadows,New Stephanie,CO,10553
Carrie Gallagher,Carrie,,Gallagher,18/12/1993,28,07/10/2000,North Cheryl,"47680 Black Route, Lake Matthew, NY 81641",Pickpocketing,,,47680,Black Route,Lake Matthew,NY,81641
Monique Strickland,Monique,,Strickland,20/11/2001,44,14/08/2002,Port Gregoryfort,"PSC 2558, Box 9810, APO AE 79502",Pickpocketing,,,,PSC 2558,Box 9810,,
Karen Henderson,Karen,,Henderson,27/08/1978,31,12/10/1979,South Michael,"025 Johnson Expressway, Bakerport, GA 24594",Burglary,,,025,Johnson Expressway,Bakerport,GA,24594
Mark Burch,Mark,,Burch,06/02/1974,52,27/11/1984,Dustinburgh,"051 Scott Oval, Port Haroldchester, SD 17166",Assault,,,051,Scott Oval,Port Haroldchester,SD,17166
David Campbell,David,,Campbell,12/07/1987,33,25/09/2014,Williamsmouth,"07010 Lopez Views Apt. 613, East Albert, RI 49061",Forgery,Apartment 613,,07010,Lopez Views,East Albert,RI,49061
Shane Mack,Shane,,Mack,19/12/1982,25,07/03/1997,Angelaside,"5695 Michael Summit Apt. 858, Anthonychester, WA 85673",Arson,Apartment 858,,5695,Michael Summit,Anthonychester,WA,85673
Daniel Jones,Daniel,,Jones,13/01/2003,23,26/06/2030,Sparksberg,"1629 Montgomery Branch, North Christopher, PA 76436",Burglary,,,1629,Montgomery Branch,North Christopher,PA,76436
Cameron White,Cameron,,White,06/05/1965,57,24/03/2005,North Stacyland,"Unit 1257 Box 4660, DPO AA 47476",Assault,,Unit 1257 Box 4660,,,DPO AA 47476,,
James Morrison,James,,Morrison,18/07/1991,48,22/04/1992,North Kimberlyville,"26964 Espinoza Spurs Suite 901, West Jennifershire, ND 27149",Burglary,Suite 901,,26964,Espinoza Spurs,West Jennifershire,ND,27149
Walter Miller,Walter,,Miller,30/03/1998,32,16/12/2022,Gutierrezberg,"78844 Amanda Wall Apt. 109, Glentown, MT 21555",Highway Robbery,Apartment 109,,78844,Amanda Wall,Glentown,MT,21555
Christine Harvey,Christine,,Harvey,30/10/1975,20,03/12/2025,Lambertland,"Unit 2780 Box 5358, DPO AP 99886",Arson,,Unit 2780 Box 5358,,,DPO AP 99886,,
Isaac Smith,Isaac,,Smith,25/09/1995,22,24/08/2004,Hubbardstad,"Unit 8947 Box 7716, DPO AP 27577",Smuggling,,Unit 8947 Box 7716,,,DPO AP 27577,,
Jonathan White,Jonathan,,White,03/02/1988,55,21/04/1992,Pedrofurt,"37480 Ashley Fields, South Williamburgh, MO 64491",Forgery,,,37480,Ashley Fields,South Williamburgh,MO,64491
Ryan Jones,Ryan,,Jones,27/09/1988,27,13/11/2023,Hooverville,"47052 Colin Loaf Apt. 989, Nelsonchester, TN 03367",Assault,Apartment 989,,47052,Colin Loaf,Nelsonchester,TN,03367
Lori West,Lori,,West,09/12/2002,48,31/01/2046,North Dorisstad,"417 Christopher Mountains, Robertville, IA 08374",Pickpocketing,,,417,Christopher Mountains,Robertville,IA,08374
Denise Marsh,Denise,,Marsh,26/04/1989,18,29/07/2072,East Jessica,"09233 Cruz Ville Apt. 568, Joyceshire, WI 31608",Highway Robbery,Apartment 568,,09233,Cruz Ville,Joyceshire,WI,31608
Christine Carney,Christine,,Carney,04/11/1971,52,11/09/1985,Jennyport,"4388 Bennett Lodge Apt. 477, South Zachary, AR 54784",Arson,Apartment 477,,4388,Bennett Lodge,South Zachary,AR,54784
Christine Campbell,Christine,,Campbell,03/10/1964,19,12/07/1972,Williamport,"221 Vincent Fords, Allenmouth, OR 97340",Highway Robbery,,,221,Vincent Fords,Allenmouth,OR,97340
Jennifer Wood,Jennifer,,Wood,25/08/1992,42,08/01/2001,Candiceberg,"3695 Davis Well Suite 220, Port Sarah, MO 81344",Burglary,Suite 220,,3695,Davis Well,Port Sarah,MO,81344
Lydia Bell,Lydia,,Bell,16/11/1995,38,24/03/2008,Robertshire,"Unit 3338 Box 9074, DPO AP 64783",Murder,,Unit 3338 Box 9074,,,DPO AP 64783,,
Eric Roth,Eric,,Roth,07/02/1977,47,21/12/2001,Michaelchester,"8534 Singh Spring, East Michelle, HI 83070",Smuggling,,,8534,Singh Spring,East Michelle,HI,83070
James Massey,James,,Massey,07/02/1964,58,08/11/2060,West Darin,"6074 Johnson Isle Apt. 146, Riveraside, AR 56260",Theft,Apartment 146,,6074,Johnson Isle,Riveraside,AR,56260
Timothy Martin,Timothy,,Martin,10/11/1996,34,22/09/2004,Patrickberg,"3042 Janet Lake, Spencerside, ID 03495",Highway Robbery,,,3042,Janet Lake,Spencerside,ID,03495
Brittany Meyer,Brittany,,Meyer,22/04/1997,57,19/10/2006,Emilyburgh,"3501 Hunt Brooks, North Russell, NY 67843",Forgery,,,3501,Hunt Brooks,North Russell,NY,67843
Katie Bradshaw,Katie,,Bradshaw,08/10/1989,51,25/10/2001,East Emma,"USNS Andrews, FPO AA 12751",Arson,,,,USNS Andrews,FPO AA 12751,,
Julian Nicholson,Julian,,Nicholson,07/02/1988,24,30/05/1989,Laurafurt,"263 Shelby Motorway, East Jennifer, AR 57150",Forgery,,,263,Shelby Motorway,East Jennifer,AR,57150
Jesse Martin,Jesse,,Martin,23/05/1990,52,07/10/2002,Lake Sierra,"29245 Jacobs Haven Apt. 670, Joneschester, IA 31575",Murder,Apartment 670,,29245,Jacobs Haven,Joneschester,IA,31575
Michael Jones,Michael,,Jones,27/12/1979,57,23/06/1993,Port Shaneview,"3125 Sarah Path, East Sara, DE 70896",Pickpocketing,,,3125,Sarah Path,East Sara,DE,70896
Jason Torres,Jason,,Torres,22/10/1971,20,07/11/1979,South Charles,"73975 Bradley Center, Jamiechester, OK 39196",Theft,,,73975,Bradley Center,Jamiechester,OK,39196
Dennis Hampton,Dennis,,Hampton,03/08/1980,22,28/10/1988,North Brandonberg,"4039 Martin Harbors Suite 023, Castrohaven, FL 43900",Pickpocketing,Suite 023,,4039,Martin Harbors,Castrohaven,FL,43900
Jack Mata,Jack,,Mata,24/09/1973,35,24/12/1980,Lindsaystad,"453 Juan Road, Matthewshire, ME 87347",Murder,,,453,Juan Road,Matthewshire,ME,87347
Jennifer Weiss,Jennifer,,Weiss,05/04/1985,60,27/11/1998,Lake Steventown,"65947 Rhonda Land, Christopherhaven, NJ 33923",Pickpocketing,,,65947,Rhonda Land,Christopherhaven,NJ,33923
Mr. Devin Henry,Mr.,Devin,Henry,06/06/1988,41,15/09/1991,East Tina,"933 Jonathan Ways Apt. 826, Lake Andrewbury, IA 75081",Theft,Apartment 826,,933,Jonathan Ways,Lake Andrewbury,IA,75081
Jorge Walker,Jorge,,Walker,11/04/1991,41,03/07/1996,West Sabrinatown,"830 William Grove, Port Jonathan, OR 13530",Burglary,,,830,William Grove,Port Jonathan,OR,13530
Barbara Russell,Barbara,,Russell,18/11/1973,50,15/07/1994,Youngmouth,"997 Samuel Run, West Michaelport, KS 68613",Theft,,,997,Samuel Run,West Michaelport,KS,68613
Catherine Williams,Catherine,,Williams,18/07/1998,41,26/07/2021,New Frank,"043 Chandler Light, Donaldview, VT 15108",Assault,,,043,Chandler Light,Donaldview,VT,15108
Cody Owens,Cody,,Owens,17/09/1991,28,22/06/2004,South Hollyberg,"15328 Veronica Terrace Suite 806, Fieldsville, SD 91513",Theft,Suite 806,,15328,Veronica Terrace,Fieldsville,SD,91513
Kaitlyn Henson,Kaitlyn,,Henson,27/04/1970,51,13/05/1998,North Diana,"7135 George Crescent Suite 234, Curtistown, CO 52351",Pickpocketing,Suite 234,,7135,George Crescent,Curtistown,CO,52351
Kenneth Singh,Kenneth,,Singh,13/01/1988,32,06/05/1992,Allisonton,"67821 Baker Bypass, Toddport, NJ 09229",Counterfeiting,,,67821,Baker Bypass,Toddport,NJ,09229
Mrs. Karen Garcia,Mrs.,Karen,Garcia,26/02/1977,39,27/03/1981,South Rachelberg,"01626 Todd Mountain Suite 293, East Hannahstad, MD 76871",Arson,Suite 293,,01626,Todd Mountain,East Hannahstad,MD,76871
Daniel Lynch,Daniel,,Lynch,08/01/1998,42,18/01/2021,Rodriguezstad,"20305 Andrea Forest, Lake Amandaborough, SD 53590",Pickpocketing,,,20305,Andrea Forest,Lake Amandaborough,SD,53590
Sarah Ramos,Sarah,,Ramos,11/05/1967,34,18/09/2002,North Bradley,"67534 Charles Ridge Apt. 695, West Victoria, CT 57874",Forgery,Apartment 695,,67534,Charles Ridge,West Victoria,CT,57874
David Long,David,,Long,16/06/1994,23,31/05/2000,Noahfort,"4843 Eric Walk, East Charles, AL 31768",Forgery,,,4843,Eric Walk,East Charles,AL,31768
Isaiah Oneal,Isaiah,,Oneal,28/10/1999,53,05/03/2000,North Mirandaview,"14304 Morse Expressway Suite 369, Warrenmouth, SC 03722",Theft,Suite 369,,14304,Morse Expressway,Warrenmouth,SC,03722
Marissa Hatfield,Marissa,,Hatfield,22/08/1971,43,12/09/2012,Howardside,"Unit 7389 Box 0946, DPO AE 51911",Smuggling,,Unit 7389 Box 0946,,,DPO AE 51911,,
David Martin,David,,Martin,18/06/1990,51,14/01/2023,Herreraborough,"842 Michael Keys Suite 221, Lefort, LA 61154",Arson,Suite 221,,842,Michael Keys,Lefort,LA,61154
Kathleen Butler,Kathleen,,Butler,09/09/1987,56,31/10/2049,Port Veronicatown,"70449 John Club Apt. 190, Smithfurt, VT 50238",Pickpocketing,Apartment 190,,70449,John Club,Smithfurt,VT,50238
Jeremy Mason,Jeremy,,Mason,27/02/1972,46,30/11/2056,Benjaminbury,"34525 Scott Islands, Nicholasburgh, NJ 23267",Murder,,,34525,Scott Islands,Nicholasburgh,NJ,23267
Kayla Matthews,Kayla,,Matthews,15/08/1980,18,09/08/1985,Lake Sarahchester,"94219 Mendoza Place Apt. 879, South Christinebury, WA 55359",Pickpocketing,Apartment 879,,94219,Mendoza Place,South Christinebury,WA,55359
Christopher Barnett,Christopher,,Barnett,06/10/1982,22,31/12/1982,Jenningsmouth,"5161 Dunn Courts, Juliestad, FL 63448",Murder,,,5161,Dunn Courts,Juliestad,FL,63448
Suzanne Blake,Suzanne,,Blake,28/12/1968,26,06/03/2005,Port Christian,"506 Jonathan Shoal, South Ryan, UT 77188",Pickpocketing,,,506,Jonathan Shoal,South Ryan,UT,77188
Joel Hughes,Joel,,Hughes,22/02/1999,53,03/07/2000,Vanessaville,"576 Garza Inlet, Brianfort, AR 51824",Smuggling,,,576,Garza Inlet,Brianfort,AR,51824
John Brown,John,,Brown,06/05/1971,46,10/01/1995,North Craig,"600 Kirby Plaza Suite 895, East Robert, SD 42249",Smuggling,Suite 895,,600,Kirby Plaza,East Robert,SD,42249
Michael Thomas,Michael,,Thomas,22/09/1983,32,10/04/1988,Port Leslie,"738 Alvarez Curve, Davisstad, LA 26818",Pickpocketing,,,738,Alvarez Curve,Davisstad,LA,26818
Amy Garcia,Amy,,Garcia,10/04/2004,30,12/11/2052,Stevensstad,"2892 Carter Throughway, North Dale, GA 86833",Theft,,,2892,Carter Throughway,North Dale,GA,86833
Amanda Hunter,Amanda,,Hunter,22/07/1999,60,13/10/2068,East Christopher,"5059 Brock Tunnel, North Stephen, DC 69882",Highway Robbery,,,5059,Brock Tunnel,North Stephen,DC,69882
Nicholas Gray,Nicholas,,Gray,22/06/1998,20,12/09/2058,New Emilyhaven,"293 Hall Stream, New Erikfurt, NH 45535",Murder,,,293,Hall Stream,New Erikfurt,NH,45535
Dennis Aguilar,Dennis,,Aguilar,21/04/1996,46,19/05/2055,East Shannontown,"181 Gray Fall Apt. 340, Lake Christinefurt, NY 50132",Counterfeiting,Apartment 340,,181,Gray Fall,Lake Christinefurt,NY,50132
Gregory Armstrong,Gregory,,Armstrong,01/10/2002,46,10/07/2003,Cochranton,"3642 Michael Ville Suite 283, East Teresafort, HI 40299",Smuggling,Suite 283,,3642,Michael Ville,East Teresafort,HI,40299
Aaron Larson,Aaron,,Larson,25/06/2002,21,01/12/2064,East Nancystad,"92656 Jeffrey Streets, North Angelashire, DE 90406",Pickpocketing,,,92656,Jeffrey Streets,North Angelashire,DE,90406
Elizabeth Davies,Elizabeth,,Davies,01/08/1973,31,25/06/1974,Lisaburgh,"635 Hines Skyway Apt. 663, Williamsland, IA 79421",Counterfeiting,Apartment 663,,635,Hines Skyway,Williamsland,IA,79421
Donna Parker,Donna,,Parker,17/01/1993,42,15/04/1995,West Brittany,"08886 Rhodes Heights Suite 000, Amberstad, VT 37756",Forgery,Suite 000,,08886,Rhodes Heights,Amberstad,VT,37756
Christopher Mckee,Christopher,,Mckee,14/08/2000,51,02/01/2045,Cobbland,"Unit 0305 Box 8181, DPO AA 04177",Arson,,Unit 0305 Box 8181,,,DPO AA 04177,,
Shawn Johnson,Shawn,,Johnson,11/10/1983,52,25/04/2059,East Robinshire,"8637 Bobby Bridge Suite 009, West Heathertown, NC 89831",Burglary,Suite 009,,8637,Bobby Bridge,West Heathertown,NC,89831
Tonya Simmons,Tonya,,Simmons,26/04/1993,57,18/11/1994,Martinezfort,"31904 Gerald Common, New Paul, IA 65301",Highway Robbery,,,31904,Gerald Common,New Paul,IA,65301
Bridget Sanchez,Bridget,,Sanchez,04/05/1965,22,25/07/1986,Port Kaitlynstad,"USCGC Doyle, FPO AP 31545",Assault,,,,USCGC Doyle,FPO AP 31545,,
Melinda Faulkner,Melinda,,Faulkner,28/07/2004,26,06/10/2030,North Adamborough,"45611 Jennifer Grove Apt. 544, Elizabethfurt, AK 07628",Burglary,Apartment 544,,45611,Jennifer Grove,Elizabethfurt,AK,07628
Sara Forbes,Sara,,Forbes,22/02/1995,30,26/09/2002,Gonzaleshaven,"7973 Kimberly Trafficway, Josephville, AL 61371",Smuggling,,,7973,Kimberly Trafficway,Josephville,AL,61371
Sarah Ramirez,Sarah,,Ramirez,27/08/1968,21,22/05/1976,Mariamouth,"2025 Ian Island Apt. 082, South Peggy, IL 54836",Arson,Apartment 082,,2025,Ian Island,South Peggy,IL,54836
Roger Brown,Roger,,Brown,19/01/1965,27,22/07/1988,Jimenezfurt,"53180 Teresa Forks Suite 496, Ericastad, LA 37012",Forgery,Suite 496,,53180,Teresa Forks,Ericastad,LA,37012
Benjamin Berry,Benjamin,,Berry,22/02/1997,53,26/03/2029,North Jonathanhaven,"680 Jones Isle, Hoganburgh, NJ 91043",Highway Robbery,,,680,Jones Isle,Hoganburgh,NJ,91043
Anne Turner,Anne,,Turner,20/07/1994,39,17/08/1995,Stephaniemouth,"08600 Williams Way, Riceside, ID 76622",Assault,,,08600,Williams Way,Riceside,ID,76622
Allen Miller,Allen,,Miller,23/11/2001,34,02/06/2013,East Kimberlyport,"22341 Vasquez Landing Suite 721, Martinton, ID 06525",Theft,Suite 721,,22341,Vasquez Landing,Martinton,ID,06525
Eric Edwards,Eric,,Edwards,20/09/1996,36,10/06/2023,Jameston,"101 Christina Hills Apt. 203, South Joe, VA 28368",Highway Robbery,Apartment 203,,101,Christina Hills,South Joe,VA,28368
Wendy Owen,Wendy,,Owen,25/05/1979,43,18/02/2033,Harrisberg,"440 Kristina Mountain, Stephanieville, NM 94375",Pickpocketing,,,440,Kristina Mountain,Stephanieville,NM,94375
Danny Brown,Danny,,Brown,31/07/1986,58,21/08/2031,Lake Brettmouth,"4844 Samantha Mission Suite 101, Castillochester, NM 99161",Counterfeiting,Suite 101,,4844,Samantha Mission,Castillochester,NM,99161
Deborah Pace,Deborah,,Pace,24/03/1972,38,01/11/1974,Port Gregorymouth,"13545 Tony Union, Port Jesuston, HI 61559",Murder,,,13545,Tony Union,Port Jesuston,HI,61559
Heather Anderson,Heather,,Anderson,29/10/1986,37,13/02/1993,North Jonathan,"244 Edwards Streets Suite 833, Maynardport, VA 16583",Pickpocketing,Suite 833,,244,Edwards Streets,Maynardport,VA,16583
Evan Jones,Evan,,Jones,18/04/1973,30,21/02/1998,Port Jessica,"36513 Walton Field, Port Peterstad, NE 22464",Smuggling,,,36513,Walton Field,Port Peterstad,NE,22464
Jeanne Vance,Jeanne,,Vance,20/06/2001,41,31/01/2036,Kristinville,"12974 Mendez Knolls Apt. 746, West Randallburgh, HI 19244",Highway Robbery,Apartment 746,,12974,Mendez Knolls,West Randallburgh,HI,19244
Kevin Vang,Kevin,,Vang,15/10/2001,44,21/05/2040,South Jeffreymouth,"154 Phillip Circles, Glennborough, CT 32669",Forgery,,,154,Phillip Circles,Glennborough,CT,32669
Ashley Smith,Ashley,,Smith,06/10/1999,18,23/09/2045,Torresmouth,"45985 Martinez Crossing Apt. 012, Richardfort, MI 24031",Counterfeiting,Apartment 012,,45985,Martinez Crossing,Richardfort,MI,24031
Paul Robertson,Paul,,Robertson,03/04/1986,49,23/11/2013,South Julieburgh,"54060 Wall Crescent Apt. 614, Rhodesville, ID 93687",Theft,Apartment 614,,54060,Wall Crescent,Rhodesville,ID,93687
Lori Hess,Lori,,Hess,04/08/1996,18,30/07/2003,Romanville,"37311 Allen Trafficway Suite 258, Brownstad, MT 42847",Burglary,Suite 258,,37311,Allen Trafficway,Brownstad,MT,42847
Steven Hampton,Steven,,Hampton,17/04/1968,48,08/04/1990,Lake Albertshire,"34570 Martin Greens Apt. 568, Jamesbury, NC 48569",Pickpocketing,Apartment 568,,34570,Martin Greens,Jamesbury,NC,48569
Miranda Kennedy,Miranda,,Kennedy,31/01/1990,59,04/01/2059,West Allison,"25700 Roberts Manors Apt. 324, Haleside, CT 91195",Forgery,Apartment 324,,25700,Roberts Manors,Haleside,CT,91195
Sarah Rivas,Sarah,,Rivas,05/12/1991,59,18/01/2003,East Brandi,"7573 Webster Knoll, East Joshuachester, OK 36196",Pickpocketing,,,7573,Webster Knoll,East Joshuachester,OK,36196
Regina Henry,Regina,,Henry,13/01/1981,28,01/04/1983,Richardberg,"826 Bates Green, North Nancyhaven, GA 21481",Pickpocketing,,,826,Bates Green,North Nancyhaven,GA,21481
Dakota Valenzuela,Dakota,,Valenzuela,14/03/1990,45,15/08/1997,Bakerville,"9321 Perez Orchard, Campbellmouth, VA 93702",Counterfeiting,,,9321,Perez Orchard,Campbellmouth,VA,93702
Margaret Luna,Margaret,,Luna,12/01/1988,59,07/03/1999,Gatesview,"94567 Angela Views Apt. 067, Riversstad, HI 36924",Forgery,Apartment 067,,94567,Angela Views,Riversstad,HI,36924
Connie Lopez,Connie,,Lopez,14/10/1984,35,19/04/2043,North Hannah,"140 Maria Road Apt. 058, North Kimberlyfurt, WY 50871",Forgery,Apartment 058,,140,Maria Road,North Kimberlyfurt,WY,50871
Katelyn Phillips,Katelyn,,Phillips,03/04/1979,55,16/10/1983,Rodriguezmouth,"38482 Curtis Cape, Grayland, NY 08517",Smuggling,,,38482,Curtis Cape,Grayland,NY,08517
Michael Tran,Michael,,Tran,02/07/1973,38,11/12/2026,Port Christinaside,"05898 Rhonda Inlet Suite 589, Maddoxshire, DC 92782",Arson,Suite 589,,05898,Rhonda Inlet,Maddoxshire,DC,92782
Richard Nguyen,Richard,,Nguyen,27/02/1971,55,14/09/1982,Stewartfort,"795 Miller Pines, Port Nathanborough, NY 10465",Pickpocketing,,,795,Miller Pines,Port Nathanborough,NY,10465
Margaret Robinson,Margaret,,Robinson,28/12/1988,21,14/01/1989,Scottberg,"PSC 9521, Box 7457, APO AA 06567",Arson,,,,PSC 9521,Box 7457,,
Christopher Wagner,Christopher,,Wagner,22/08/1988,29,26/11/2029,South Gabriela,"20903 Deborah Rue, Christopherview, VT 73659",Highway Robbery,,,20903,Deborah Rue,Christopherview,VT,73659
Courtney Adams,Courtney,,Adams,06/04/1965,38,01/04/2011,Sanchezberg,"193 Silva Ranch Suite 175, Taylorton, IL 21823",Pickpocketing,Suite 175,,193,Silva Ranch,Taylorton,IL,21823
Lori Walker,Lori,,Walker,30/04/1989,23,13/10/1992,Port Brettland,"47098 Holt Station Apt. 469, West Michaelport, HI 50072",Forgery,Apartment 469,,47098,Holt Station,West Michaelport,HI,50072
Trevor Mcgrath,Trevor,,Mcgrath,15/12/1992,21,21/07/2053,Davidberg,"75880 James Bridge, Salasside, HI 14418",Arson,,,75880,James Bridge,Salasside,HI,14418
Carlos Warren,Carlos,,Warren,19/08/1971,34,16/01/2011,Lake Keithstad,"USNV Carroll, FPO AE 21724",Pickpocketing,,,,USNV Carroll,FPO AE 21724,,
Kelly Scott,Kelly,,Scott,14/06/1968,20,14/09/1970,Traviston,"643 Paul Stream, Thompsonfort, AR 90985",Counterfeiting,,,643,Paul Stream,Thompsonfort,AR,90985
Taylor Espinoza,Taylor,,Espinoza,08/03/1988,21,03/03/2020,Lisafurt,"3733 Rosario Track Apt. 221, Kellyfurt, ME 89667",Arson,Apartment 221,,3733,Rosario Track,Kellyfurt,ME,89667
Rebecca Clarke,Rebecca,,Clarke,05/08/1978,55,27/03/2004,West Nicholas,"10451 Ward Estate, West Christopher, DE 54143",Highway Robbery,,,10451,Ward Estate,West Christopher,DE,54143
Misty Franklin,Misty,,Franklin,15/02/1967,33,29/03/1986,Foxton,"189 Dawson Greens, Mitchellmouth, OH 29996",Forgery,,,189,Dawson Greens,Mitchellmouth,OH,29996
Vanessa James,Vanessa,,James,05/02/1987,43,27/06/2017,Reedport,"884 Rachel Islands, Lake Saraville, GA 66495",Smuggling,,,884,Rachel Islands,Lake Saraville,GA,66495
Brian Sanchez,Brian,,Sanchez,15/02/1998,40,05/11/2005,Loganville,"7177 Sandoval Flats Apt. 659, East Billy, ND 32597",Forgery,Apartment 659,,7177,Sandoval Flats,East Billy,ND,32597
Brian Duncan,Brian,,Duncan,04/10/1993,23,14/03/2059,East Paulaborough,"176 Orr Glen Apt. 544, West Michael, NE 01406",Arson,Apartment 544,,176,Orr Glen,West Michael,NE,01406
Brandon Aguirre,Brandon,,Aguirre,03/04/1969,38,13/10/1973,Karenhaven,"4183 Chelsea Rest Apt. 400, Mindyland, DE 13985",Highway Robbery,Apartment 400,,4183,Chelsea Rest,Mindyland,DE,13985
Sherri Knapp,Sherri,,Knapp,13/01/1991,40,03/06/2002,Lake Manuelland,"92083 Christina Fall, Port Timothyland, DC 68433",Pickpocketing,,,92083,Christina Fall,Port Timothyland,DC,68433
Elizabeth Allen,Elizabeth,,Allen,10/04/1996,25,12/11/2058,Rodriguezfurt,"041 Nathan Ports, East Joshua, ID 49330",Burglary,,,041,Nathan Ports,East Joshua,ID,49330
Desiree Heath,Desiree,,Heath,11/01/2003,46,04/06/2003,Michaelfurt,"7568 Martinez Club, North Michelle, ND 76110",Arson,,,7568,Martinez Club,North Michelle,ND,76110
Melanie Allen,Melanie,,Allen,05/01/1989,34,23/01/2010,North Darren,"2209 Espinoza Plaza, West Jeanette, WY 22776",Murder,,,2209,Espinoza Plaza,West Jeanette,WY,22776
Kimberly Andrews,Kimberly,,Andrews,05/01/1986,60,31/12/2000,North Michaelmouth,"220 David Knolls, South Gail, LA 94272",Arson,,,220,David Knolls,South Gail,LA,94272
Crystal Robles,Crystal,,Robles,26/05/1990,50,03/07/1997,Lauraberg,"245 Jesse Squares Apt. 321, North Nathanbury, WI 80755",Pickpocketing,Apartment 321,,245,Jesse Squares,North Nathanbury,WI,80755
Mercedes Williamson,Mercedes,,Williamson,11/03/1984,56,19/04/1986,New Johnfort,"115 Brennan Valley Apt. 045, West Stacy, VA 37355",Forgery,Apartment 045,,115,Brennan Valley,West Stacy,VA,37355
Felicia Mitchell,Felicia,,Mitchell,02/06/1991,26,03/12/2003,Colemanton,"2368 Webster Light, West Laurenstad, AZ 75875",Smuggling,,,2368,Webster Light,West Laurenstad,AZ,75875
Heather Clark,Heather,,Clark,27/02/1995,26,14/10/2000,Johnville,"6854 Gordon Tunnel Apt. 818, Hansonmouth, NC 80649",Pickpocketing,Apartment 818,,6854,Gordon Tunnel,Hansonmouth,NC,80649
Janice Coleman,Janice,,Coleman,12/10/1967,26,21/06/1968,Anthonyfurt,"4415 Rebecca Loaf Suite 029, Lake Paulachester, HI 44330",Murder,Suite 029,,4415,Rebecca Loaf,Lake Paulachester,HI,44330
Christopher Williams,Christopher,,Williams,30/05/1973,26,18/04/2008,West Vincent,"467 Joel Ridges, Sawyerhaven, MD 40205",Arson,,,467,Joel Ridges,Sawyerhaven,MD,40205
Erica Cox,Erica,,Cox,31/12/1996,38,07/04/2025,Port Christine,"1695 Gibson Trafficway Suite 146, Riosmouth, DE 62569",Burglary,Suite 146,,1695,Gibson Trafficway,Riosmouth,DE,62569
Shawn Diaz,Shawn,,Diaz,27/03/1986,38,02/09/1998,New Bryanbury,"0702 Ballard Springs, South Kennethside, PA 27326",Counterfeiting,,,0702,Ballard Springs,South Kennethside,PA,27326
Michelle Nelson,Michelle,,Nelson,20/05/1987,24,28/02/2003,Port Kevinberg,"USNS Mcdonald, FPO AP 32251",Burglary,,,,USNS Mcdonald,FPO AP 32251,,
Michelle Romero,Michelle,,Romero,22/12/1964,27,13/12/1975,South Christine,"9443 Davis Keys, Wilsonville, IA 36493",Forgery,,,9443,Davis Keys,Wilsonville,IA,36493
Heather Conner,Heather,,Conner,14/04/1971,29,28/02/1992,Calvinton,"75733 Elizabeth Ports Suite 145, Jenkinston, MI 55197",Assault,Suite 145,,75733,Elizabeth Ports,Jenkinston,MI,55197
Ashley Yates,Ashley,,Yates,22/12/1984,49,04/02/2002,Port Michaelbury,"2661 Pruitt Forks, Shelbyview, PA 48901",Burglary,,,2661,Pruitt Forks,Shelbyview,PA,48901
Randy Shaffer,Randy,,Shaffer,12/07/1986,45,29/10/2019,Francesville,"03004 Byrd Burg Apt. 713, West William, IN 15823",Highway Robbery,Apartment 713,,03004,Byrd Burg,West William,IN,15823
Samantha Moore,Samantha,,Moore,27/02/1974,39,08/03/1980,Melissamouth,"03367 Kerr Vista, Cathyland, CA 02321",Burglary,,,03367,Kerr Vista,Cathyland,CA,02321
Jeremiah Esparza,Jeremiah,,Esparza,16/10/1985,43,29/04/2053,East Melissaburgh,"310 Acevedo Vista, Littlefort, IL 26862",Burglary,,,310,Acevedo Vista,Littlefort,IL,26862
Katherine Wade,Katherine,,Wade,01/10/1968,57,30/06/1973,South James,"075 Sarah Underpass, West Kristenville, HI 35517",Pickpocketing,,,075,Sarah Underpass,West Kristenville,HI,35517
Mia Mercado,Mia,,Mercado,18/05/1995,18,06/11/2003,South Sherri,"097 Massey Rapid, Port Natalie, NJ 01633",Smuggling,,,097,Massey Rapid,Port Natalie,NJ,01633
Catherine Deleon,Catherine,,Deleon,27/02/1978,28,08/03/2047,Port Christina,"626 Rachel Drive, North Christopher, VA 51876",Smuggling,,,626,Rachel Drive,North Christopher,VA,51876
Michael Hoffman,Michael,,Hoffman,10/12/1973,45,07/02/1986,Griffithview,"5739 Padilla Stream, Robertsfort, OK 46743",Pickpocketing,,,5739,Padilla Stream,Robertsfort,OK,46743
Tina Woods,Tina,,Woods,23/04/1989,19,15/02/2059,Williamsberg,"63968 Rebekah Walks, Hernandezview, MO 20265",Burglary,,,63968,Rebekah Walks,Hernandezview,MO,20265
Tracy Thomas,Tracy,,Thomas,22/12/1975,54,21/08/2002,South Kelly,"20396 Sarah Knoll, New Alexandria, SD 14528",Assault,,,20396,Sarah Knoll,New Alexandria,SD,14528
Evan Williams,Evan,,Williams,16/04/1983,55,08/10/2011,North Christopher,"3158 Hancock Bridge, Onealmouth, UT 62352",Arson,,,3158,Hancock Bridge,Onealmouth,UT,62352
Bryan Nguyen,Bryan,,Nguyen,27/06/1979,40,20/04/1992,New Johnfurt,"718 Meyer Orchard, New Grant, OR 39767",Theft,,,718,Meyer Orchard,New Grant,OR,39767
Elizabeth Roberts,Elizabeth,,Roberts,03/06/2004,21,11/07/2028,West Paigeside,"37293 Smith Shoals, Hernandezhaven, WI 93431",Theft,,,37293,Smith Shoals,Hernandezhaven,WI,93431
Christopher Alvarez,Christopher,,Alvarez,09/04/2004,23,22/07/2039,Port Evanmouth,"7066 Denise Ways, Acostaburgh, CO 22154",Pickpocketing,,,7066,Denise Ways,Acostaburgh,CO,22154
Erica Daniels,Erica,,Daniels,18/11/1977,40,04/09/2030,South Teresa,"50832 Stout Branch Suite 203, Port Loribury, MN 71702",Pickpocketing,Suite 203,,50832,Stout Branch,Port Loribury,MN,71702
Cynthia Brown,Cynthia,,Brown,04/12/1969,21,08/09/2001,West Blakeside,"3742 Daniel Hill Apt. 323, Harveychester, WV 33992",Counterfeiting,Apartment 323,,3742,Daniel Hill,Harveychester,WV,33992
Elijah Berry,Elijah,,Berry,22/08/1984,35,11/11/1988,Schmidtmouth,"USNS Copeland, FPO AA 48440",Murder,,,,USNS Copeland,FPO AA 48440,,
Elizabeth Gomez,Elizabeth,,Gomez,23/11/2001,50,02/02/2051,Lake Richardburgh,"59997 Kelly Harbors, New Deborah, PA 51568",Arson,,,59997,Kelly Harbors,New Deborah,PA,51568
Nicholas Davis,Nicholas,,Davis,12/02/1969,36,06/12/1998,Quinnfurt,"8174 Julie Flat, New Thomas, CO 80478",Highway Robbery,,,8174,Julie Flat,New Thomas,CO,80478
Philip Pierce,Philip,,Pierce,03/10/1975,23,08/02/2013,Lake Joshuatown,"27790 John Inlet Apt. 414, Port Michele, WV 50865",Forgery,Apartment 414,,27790,John Inlet,Port Michele,WV,50865
Robert Roberson,Robert,,Roberson,24/09/1977,20,26/01/2039,New Ryanchester,"2899 Fields Lakes Suite 467, Manuelton, NH 82121",Forgery,Suite 467,,2899,Fields Lakes,Manuelton,NH,82121
Nicole Williams,Nicole,,Williams,14/04/1992,36,08/09/2051,Bradleyville,"976 Renee Creek Apt. 358, Steeleshire, MT 52158",Counterfeiting,Apartment 358,,976,Renee Creek,Steeleshire,MT,52158
Darryl Dillon,Darryl,,Dillon,10/04/1997,46,08/06/2044,North Daniel,"PSC 0334, Box 2947, APO AP 16861",Assault,,,,PSC 0334,Box 2947,,
James Todd,James,,Todd,20/07/2004,60,19/10/2019,Port Deanberg,"7780 Elizabeth Estates, Gonzalesmouth, MN 68288",Assault,,,7780,Elizabeth Estates,Gonzalesmouth,MN,68288
Melissa Garcia,Melissa,,Garcia,20/08/1983,33,23/09/1986,Weissshire,"532 Mckee Alley, Lake Travisfurt, OR 84863",Counterfeiting,,,532,Mckee Alley,Lake Travisfurt,OR,84863
John Glover,John,,Glover,20/03/1972,46,17/06/2021,South Kimberlymouth,"746 Roy Mountains, Chrisbury, NC 83921",Pickpocketing,,,746,Roy Mountains,Chrisbury,NC,83921
Linda Aguilar,Linda,,Aguilar,25/10/1990,38,13/06/2061,Lake Kenneth,"297 Harvey Forges Suite 484, North Kevin, FL 69523",Murder,Suite 484,,297,Harvey Forges,North Kevin,FL,69523
Zachary Bowers,Zachary,,Bowers,03/10/1976,59,16/12/1988,Alexisside,"0897 Mary Shore Suite 178, Port Jimmy, PA 55155",Theft,Suite 178,,0897,Mary Shore,Port Jimmy,PA,55155
Maria Esparza,Maria,,Esparza,14/05/1982,58,29/05/2072,Mclaughlinstad,"81969 Julian Mountains Apt. 306, Daviesport, NH 60353",Forgery,Apartment 306,,81969,Julian Mountains,Daviesport,NH,60353
Sean Jones,Sean,,Jones,26/03/1983,23,19/11/2050,New Justinland,"843 Katherine Rest Apt. 667, West Heather, NV 81313",Forgery,Apartment 667,,843,Katherine Rest,West Heather,NV,81313
Eric Garza,Eric,,Garza,05/01/1969,44,30/11/1971,Lake Rachel,"14190 Andrea Rue, New Samantha, MA 68001",Smuggling,,,14190,Andrea Rue,New Samantha,MA,68001
Sharon Howell,Sharon,,Howell,02/12/1965,55,17/07/1971,Frazierville,"Unit 6485 Box 1484, DPO AP 59926",Highway Robbery,,Unit 6485 Box 1484,,,DPO AP 59926,,
Lori Garza,Lori,,Garza,29/11/1987,39,25/04/2004,North Jamesburgh,"44777 Marie Stream, Nicolebury, AL 47931",Highway Robbery,,,44777,Marie Stream,Nicolebury,AL,47931
Travis Richardson,Travis,,Richardson,14/06/1995,51,19/06/2046,South Gregory,"Unit 1722 Box 8034, DPO AA 11634",Highway Robbery,,Unit 1722 Box 8034,,,DPO AA 11634,,
Jacob Watson,Jacob,,Watson,24/07/1977,20,22/01/2035,East Curtisstad,"745 Traci Course, Josephstad, AK 08500",Forgery,,,745,Traci Course,Josephstad,AK,08500
Margaret Williams,Margaret,,Williams,26/06/1976,22,25/02/1995,Port George,"7817 Hale Viaduct, Port Walterville, KY 76099",Pickpocketing,,,7817,Hale Viaduct,Port Walterville,KY,76099
Bobby Washington,Bobby,,Washington,21/11/1982,33,29/04/2007,Davischester,"5658 Lewis Trail, Ramirezside, OR 87571",Pickpocketing,,,5658,Lewis Trail,Ramirezside,OR,87571
Dana Henderson,Dana,,Henderson,11/12/1967,18,20/04/1970,Courtneyland,"345 Barbara Bridge, Lake Rebeccashire, NE 27924",Murder,,,345,Barbara Bridge,Lake Rebeccashire,NE,27924
Paul Green,Paul,,Green,02/09/1977,54,06/01/1990,Clineberg,"Unit 4594 Box 1186, DPO AE 20204",Murder,,Unit 4594 Box 1186,,,DPO AE 20204,,
Donald Waters,Donald,,Waters,04/03/1984,28,06/04/1985,West Kathleenfurt,"786 Mercer Ports Suite 010, Lake Andrewfurt, MO 23512",Smuggling,Suite 010,,786,Mercer Ports,Lake Andrewfurt,MO,23512
William Taylor,William,,Taylor,11/02/2004,36,27/04/2039,South Erinshire,"0232 Parker Via, Chapmanmouth, NM 36683",Burglary,,,0232,Parker Via,Chapmanmouth,NM,36683
Alyssa Lawson,Alyssa,,Lawson,05/12/2002,24,04/07/2030,South Carlaside,"271 Hawkins Stream, Adamton, RI 50072",Counterfeiting,,,271,Hawkins Stream,Adamton,RI,50072
Johnny Mckinney,Johnny,,Mckinney,31/01/1976,30,25/07/1982,Parkerport,"67705 Ryan Island Apt. 907, Lake Elizabeth, MI 35815",Theft,Apartment 907,,67705,Ryan Island,Lake Elizabeth,MI,35815
Andrew Mathis,Andrew,,Mathis,04/07/2002,49,27/10/2012,Colehaven,"37057 Paula Spurs Apt. 208, Mortonmouth, TX 88638",Arson,Apartment 208,,37057,Paula Spurs,Mortonmouth,TX,88638
Derek Porter,Derek,,Porter,18/11/1990,42,10/10/2069,South Ellenfurt,"46925 Jennifer Courts Apt. 005, South Georgeton, GA 30772",Assault,Apartment 005,,46925,Jennifer Courts,South Georgeton,GA,30772
Linda Anderson,Linda,,Anderson,29/12/1980,31,17/10/1986,Foxmouth,"79707 Dustin Isle Suite 274, North Jamesfurt, RI 73889",Smuggling,Suite 274,,79707,Dustin Isle,North Jamesfurt,RI,73889
Gregory Villarreal,Gregory,,Villarreal,01/10/1975,49,30/09/1992,Martinezmouth,"3351 Kyle Canyon, North Denisestad, NY 80849",Theft,,,3351,Kyle Canyon,North Denisestad,NY,80849
Mrs. Emily Jacobs,Mrs.,Emily,Jacobs,01/08/2001,18,26/06/2020,Wilsonstad,"7000 Zachary Wall, North Michael, AR 07170",Theft,,,7000,Zachary Wall,North Michael,AR,07170
Adam Young,Adam,,Young,24/01/1987,41,20/01/1991,Wilsonmouth,"Unit 9925 Box 1740, DPO AP 33593",Highway Robbery,,Unit 9925 Box 1740,,,DPO AP 33593,,
James Rios,James,,Rios,18/07/1984,40,20/12/1995,South Kristin,"812 Charlotte Square Apt. 863, East Jonathan, NV 40936",Pickpocketing,Apartment 863,,812,Charlotte Square,East Jonathan,NV,40936
Shannon Smith,Shannon,,Smith,22/08/1969,56,27/01/1971,New Christopher,"Unit 6696 Box 3206, DPO AP 07778",Burglary,,Unit 6696 Box 3206,,,DPO AP 07778,,
Jack Burns,Jack,,Burns,03/07/1967,31,20/07/2031,East Amber,"815 James Throughway, Alexisfurt, IL 46697",Counterfeiting,,,815,James Throughway,Alexisfurt,IL,46697
Jenny Chapman,Jenny,,Chapman,09/08/1999,42,07/02/2028,West Annafurt,"2231 Hill Courts, Lake Stephanie, CO 61642",Murder,,,2231,Hill Courts,Lake Stephanie,CO,61642
Preston Garrison,Preston,,Garrison,07/10/1981,32,02/06/2057,South Jacob,"9528 Huff Lock, East Micheleland, NH 09664",Counterfeiting,,,9528,Huff Lock,East Micheleland,NH,09664
William Long,William,,Long,18/07/1970,49,07/08/2015,Edwardsburgh,"3491 Grant Island, Grayhaven, MI 89302",Highway Robbery,,,3491,Grant Island,Grayhaven,MI,89302
Christina Dean,Christina,,Dean,05/09/1974,34,05/05/1981,East Ashley,"964 Williams Ways, Kristinaberg, CO 10089",Arson,,,964,Williams Ways,Kristinaberg,CO,10089
Sarah Taylor,Sarah,,Taylor,08/06/1965,29,19/06/2037,Hamiltonport,"2921 Solis Track, South Brett, CO 26178",Murder,,,2921,Solis Track,South Brett,CO,26178
Ryan Green,Ryan,,Green,14/06/1966,40,26/01/2087,North Cynthia,"1634 Charles Cape, North Charles, LA 24723",Theft,,,1634,Charles Cape,North Charles,LA,24723
John Vargas,John,,Vargas,25/10/1977,45,30/06/1997,New Deborahmouth,"38383 Ferrell Stream, North Shane, OK 06779",Forgery,,,38383,Ferrell Stream,North Shane,OK,06779
Kevin Bailey,Kevin,,Bailey,13/01/2001,56,02/08/2063,West James,"6704 Hunt Station Apt. 013, North Jessicamouth, GA 87096",Assault,Apartment 013,,6704,Hunt Station,North Jessicamouth,GA,87096
Aaron Smith,Aaron,,Smith,10/08/1981,23,19/07/2063,Tonyfort,"USS Avila, FPO AA 19628",Pickpocketing,,,,USS Avila,FPO AA 19628,,
Jonathan Anderson,Jonathan,,Anderson,14/09/1989,31,01/11/1990,New Theresa,"266 Sheri Brook Apt. 621, Murphyton, LA 24138",Counterfeiting,Apartment 621,,266,Sheri Brook,Murphyton,LA,24138
Susan Flores,Susan,,Flores,25/04/1989,19,21/12/2042,Port Thomasstad,"45878 Mendez Lakes, South Katie, ME 04442",Murder,,,45878,Mendez Lakes,South Katie,ME,04442
Tamara Huber,Tamara,,Huber,08/08/1985,43,28/08/1994,Jessicaton,"748 Holly Knolls, West Margaretshire, WI 46132",Pickpocketing,,,748,Holly Knolls,West Margaretshire,WI,46132
Jacqueline Morris,Jacqueline,,Morris,01/05/1994,19,28/08/2028,Ambermouth,"170 Jamie Fall Suite 356, Mcconnellville, WY 08417",Counterfeiting,Suite 356,,170,Jamie Fall,Mcconnellville,WY,08417
Bryan Gomez,Bryan,,Gomez,20/05/2004,22,18/10/2026,Whitemouth,"7551 Melissa Pass Apt. 169, Lake Frankfurt, MO 11094",Arson,Apartment 169,,7551,Melissa Pass,Lake Frankfurt,MO,11094
Sarah Acosta,Sarah,,Acosta,03/09/1985,24,13/09/1988,North Mary,"4650 Paul Forges, Arthurstad, NV 60983",Smuggling,,,4650,Paul Forges,Arthurstad,NV,60983
Sara Crane,Sara,,Crane,29/07/1989,28,11/04/2044,Erikstad,"967 Rice Ferry Suite 672, Port Mario, AR 57972",Murder,Suite 672,,967,Rice Ferry,Port Mario,AR,57972
Robert Wade DVM,Robert,Wade,DVM,09/12/2000,51,30/10/2021,Pettybury,"358 Douglas Crossing Suite 485, South Ginatown, HI 40164",Arson,Suite 485,,358,Douglas Crossing,South Ginatown,HI,40164
Krystal Cooper,Krystal,,Cooper,25/01/1992,39,20/09/2057,Adamborough,"73382 Emma Underpass, North Jill, DC 09452",Forgery,,,73382,Emma Underpass,North Jill,DC,09452
Patrick Rice,Patrick,,Rice,07/04/1965,30,28/03/2009,Edwardsmouth,"7786 Hamilton River, Owensberg, NJ 31435",Theft,,,7786,Hamilton River,Owensberg,NJ,31435
Curtis Murray,Curtis,,Murray,04/03/1997,32,20/04/2030,Jonesstad,"352 Miranda Throughway Suite 240, New Dennis, NC 01545",Assault,Suite 240,,352,Miranda Throughway,New Dennis,NC,01545
Margaret Molina,Margaret,,Molina,15/04/2003,25,08/04/2036,Robbinsland,"0197 Schwartz Glens, Smithchester, AK 19372",Theft,,,0197,Schwartz Glens,Smithchester,AK,19372
Patrick Williams,Patrick,,Williams,30/04/1991,25,27/12/2001,North Joshualand,"771 Sydney Mountain Apt. 171, Lake Samuel, KS 22022",Counterfeiting,Apartment 171,,771,Sydney Mountain,Lake Samuel,KS,22022
Ryan Bradley,Ryan,,Bradley,26/11/1980,27,19/10/2081,Wardshire,"0808 Connie Crossroad Suite 539, North Mark, WV 65646",Pickpocketing,Suite 539,,0808,Connie Crossroad,North Mark,WV,65646
Cody Jones,Cody,,Jones,30/08/1987,32,12/11/2036,North Robertmouth,"4826 Wendy Estates, Christyshire, NV 74115",Pickpocketing,,,4826,Wendy Estates,Christyshire,NV,74115
Ryan Bird,Ryan,,Bird,14/09/1990,40,20/08/2038,Port Michael,"99136 Zimmerman Cliffs, Robertborough, CA 59310",Counterfeiting,,,99136,Zimmerman Cliffs,Robertborough,CA,59310
Julie Callahan,Julie,,Callahan,08/01/1984,51,04/05/2009,West Rickyshire,"Unit 2583 Box 6382, DPO AA 46409",Theft,,Unit 2583 Box 6382,,,DPO AA 46409,,
Jeffrey Phillips,Jeffrey,,Phillips,21/12/1987,34,23/11/2048,Kimberlyview,"3894 Cunningham Wells Apt. 147, South Timothy, PA 03638",Theft,Apartment 147,,3894,Cunningham Wells,South Timothy,PA,03638
Joel Gomez,Joel,,Gomez,29/12/2003,55,10/12/2009,Andrewchester,"6107 David Lodge, Youngberg, KS 60151",Pickpocketing,,,6107,David Lodge,Youngberg,KS,60151
Nicholas Harris,Nicholas,,Harris,01/06/1975,30,08/11/2075,East Patricia,"28365 Edward Inlet Suite 951, Josephshire, OH 94416",Burglary,Suite 951,,28365,Edward Inlet,Josephshire,OH,94416
Steven Espinoza,Steven,,Espinoza,28/06/1980,37,08/04/2012,Lindseyton,"1072 Tiffany Mountains Suite 739, Port Carmenburgh, CA 31626",Burglary,Suite 739,,1072,Tiffany Mountains,Port Carmenburgh,CA,31626
Mark Boyle,Mark,,Boyle,14/12/1967,26,24/10/1982,Sandratown,"PSC 8389, Box 9318, APO AE 87111",Highway Robbery,,,,PSC 8389,Box 9318,,
Crystal Ayala,Crystal,,Ayala,15/10/2000,57,09/09/2010,Robinborough,"81942 Daniel Lodge, Kristinahaven, MN 85196",Arson,,,81942,Daniel Lodge,Kristinahaven,MN,85196
Jacqueline Thompson,Jacqueline,,Thompson,14/11/1975,36,28/06/1996,Jamiefort,"35449 Christian Shoals, Terriview, HI 00651",Highway Robbery,,,35449,Christian Shoals,Terriview,HI,00651
Tammy Smith,Tammy,,Smith,08/06/1987,22,11/02/2013,Port Dennismouth,"3939 Hernandez Keys, New Jenniferside, VA 85835",Counterfeiting,,,3939,Hernandez Keys,New Jenniferside,VA,85835
Debra Roman,Debra,,Roman,07/10/1979,52,20/03/1998,Obrienville,"75013 David Valleys, Amyburgh, MI 32693",Arson,,,75013,David Valleys,Amyburgh,MI,32693
Becky Obrien,Becky,,Obrien,27/01/1964,21,20/11/1964,Lambertshire,"487 Garcia Roads, New Davidville, MN 97552",Counterfeiting,,,487,Garcia Roads,New Davidville,MN,97552
Katie Allen,Katie,,Allen,20/10/1974,41,06/04/2055,West Kimberg,"11224 Kristina Cove, South Brenda, SD 46802",Assault,,,11224,Kristina Cove,South Brenda,SD,46802
Michael Mata,Michael,,Mata,31/01/1990,56,01/06/2017,North Coreystad,"88905 Miller Plaza, Glenfurt, WA 07816",Smuggling,,,88905,Miller Plaza,Glenfurt,WA,07816
Jesse Williams,Jesse,,Williams,02/06/1968,28,12/08/1987,Lake Henry,"49805 Figueroa Villages, New Alyssa, MN 43929",Counterfeiting,,,49805,Figueroa Villages,New Alyssa,MN,43929
Shelley Alvarado,Shelley,,Alvarado,16/05/2003,18,09/09/2005,Gonzalezland,"03014 Brown Greens, East Elizabethmouth, MA 13021",Smuggling,,,03014,Brown Greens,East Elizabethmouth,MA,13021
Robert Pacheco,Robert,,Pacheco,28/03/1996,51,11/07/2013,Burnsshire,"166 Sarah Inlet Apt. 748, Jasonview, LA 01648",Murder,Apartment 748,,166,Sarah Inlet,Jasonview,LA,01648
Heidi Key,Heidi,,Key,25/05/1984,51,26/05/2011,Lake Marissatown,"37588 Perez Hollow, Lake Christopher, OK 04901",Theft,,,37588,Perez Hollow,Lake Christopher,OK,04901
Stacy Bell,Stacy,,Bell,28/01/1985,44,06/12/1989,Goodmanburgh,"036 James Shores, South Heatherstad, MS 29440",Arson,,,036,James Shores,South Heatherstad,MS,29440
Samantha Green,Samantha,,Green,21/05/1991,31,02/09/2010,Port Christopherville,"1971 Ward Ridge Suite 240, Jonesshire, SC 41439",Murder,Suite 240,,1971,Ward Ridge,Jonesshire,SC,41439
Laura Black,Laura,,Black,10/01/1977,43,26/11/1980,Bryanthaven,"7638 Jesse Glen Suite 577, Diazview, NM 45781",Murder,Suite 577,,7638,Jesse Glen,Diazview,NM,45781
Ariana Schmitt,Ariana,,Schmitt,04/08/1997,20,13/03/1999,Adamsborough,"091 Julie Inlet Suite 261, Ronaldview, MN 48803",Highway Robbery,Suite 261,,091,Julie Inlet,Ronaldview,MN,48803
Ruth Gill,Ruth,,Gill,12/11/1983,53,06/07/2011,West Rickyport,"41788 Barbara Junctions Suite 800, North Manuelton, RI 48744",Burglary,Suite 800,,41788,Barbara Junctions,North Manuelton,RI,48744
Ryan Brown,Ryan,,Brown,21/08/1970,38,27/10/2046,Edwardhaven,"4290 Martinez Street Apt. 691, Thompsonborough, WA 67716",Highway Robbery,Apartment 691,,4290,Martinez Street,Thompsonborough,WA,67716
Virginia Shaw,Virginia,,Shaw,30/06/1971,46,21/11/2019,New Davidland,"32677 Wagner Expressway Suite 354, Lake Joseph, NY 60580",Counterfeiting,Suite 354,,32677,Wagner Expressway,Lake Joseph,NY,60580
Zachary Cole,Zachary,,Cole,12/08/1969,30,04/10/2046,Lake Heatherfort,"53484 Robert Mission Apt. 150, Port Joseph, ID 60135",Burglary,Apartment 150,,53484,Robert Mission,Port Joseph,ID,60135
Dustin Perez,Dustin,,Perez,20/03/1972,18,12/05/2076,West Alicia,"148 Calderon Garden, Tylerhaven, UT 84356",Highway Robbery,,,148,Calderon Garden,Tylerhaven,UT,84356
Brent Jenkins,Brent,,Jenkins,31/03/2001,23,16/09/2015,Taylorside,"586 Adrienne Stream, East Michael, VA 90825",Assault,,,586,Adrienne Stream,East Michael,VA,90825
Courtney Ochoa,Courtney,,Ochoa,16/09/1980,20,23/05/1997,New Elizabeth,"6504 Munoz Harbor, Kristinashire, GA 92115",Pickpocketing,,,6504,Munoz Harbor,Kristinashire,GA,92115
John Valdez,John,,Valdez,11/07/1965,52,10/04/1967,North Angelica,"5064 Nicole Oval, Johnport, MN 35964",Highway Robbery,,,5064,Nicole Oval,Johnport,MN,35964
Shannon Moore,Shannon,,Moore,07/01/1984,21,20/04/1993,South Barbara,"PSC 2689, Box 0785, APO AP 04413",Burglary,,,,PSC 2689,Box 0785,,
Jacob Herman,Jacob,,Herman,27/07/2000,52,21/10/2002,Maryland,"0695 Lee Lodge Suite 536, South Melaniefort, IL 88549",Counterfeiting,Suite 536,,0695,Lee Lodge,South Melaniefort,IL,88549
Melanie Cruz,Melanie,,Cruz,16/03/1980,34,11/01/2000,Erinton,"62907 Poole Roads, Lake Chadburgh, VT 95118",Burglary,,,62907,Poole Roads,Lake Chadburgh,VT,95118
Brittany Wolfe,Brittany,,Wolfe,20/12/1985,51,13/10/1999,Wallacefurt,"8533 Brewer Port, West Crystal, AZ 33611",Assault,,,8533,Brewer Port,West Crystal,AZ,33611
Todd Martinez,Todd,,Martinez,31/01/1969,18,14/12/1998,North Clifford,"43187 Rose Valleys Apt. 589, East Jessica, MO 27297",Theft,Apartment 589,,43187,Rose Valleys,East Jessica,MO,27297
Hannah Bray,Hannah,,Bray,24/07/2001,55,20/07/2035,Charlesland,"95476 Christina Ferry Apt. 263, Deborahtown, OR 38083",Forgery,Apartment 263,,95476,Christina Ferry,Deborahtown,OR,38083
Teresa Wallace,Teresa,,Wallace,03/10/1996,54,13/01/2018,Andrewland,"USNS Coleman, FPO AE 01847",Pickpocketing,,,,USNS Coleman,FPO AE 01847,,
Anthony Mendoza,Anthony,,Mendoza,18/09/1992,19,01/01/2011,Rodriguezberg,"7692 Kelsey Orchard Suite 613, North Christopher, IN 36569",Counterfeiting,Suite 613,,7692,Kelsey Orchard,North Christopher,IN,36569
Michael Hanna,Michael,,Hanna,21/06/1998,49,14/06/2028,North Sean,"90984 Garrett Station, Port Davidville, GA 40659",Theft,,,90984,Garrett Station,Port Davidville,GA,40659
Bianca Davis,Bianca,,Davis,06/07/1985,31,30/12/2005,Port Brittany,"397 Gordon Rue, Leefort, CT 06836",Burglary,,,397,Gordon Rue,Leefort,CT,06836
Justin Stanton,Justin,,Stanton,24/10/1976,19,07/04/2003,Bethanystad,"91220 Julie Isle, Robertborough, RI 74564",Forgery,,,91220,Julie Isle,Robertborough,RI,74564
Deanna Bailey,Deanna,,Bailey,27/12/1979,54,27/06/2047,Joshuafurt,"202 Bennett Canyon Suite 393, South Jenniferburgh, MS 93300",Assault,Suite 393,,202,Bennett Canyon,South Jenniferburgh,MS,93300
Alexandra Weaver,Alexandra,,Weaver,22/01/1998,26,09/05/2015,Thomasburgh,"8999 Kimberly Crossing, Lauramouth, ND 79223",Burglary,,,8999,Kimberly Crossing,Lauramouth,ND,79223
Dillon Burton,Dillon,,Burton,24/04/2000,47,20/05/2019,Rossside,"46209 Cathy Vista Apt. 171, Eatonton, RI 63365",Smuggling,Apartment 171,,46209,Cathy Vista,Eatonton,RI,63365
Heather Maynard,Heather,,Maynard,14/04/1980,27,13/11/2000,Kennethborough,"USNV Waters, FPO AA 31458",Pickpocketing,,,,USNV Waters,FPO AA 31458,,
Christopher Williams,Christopher,,Williams,05/12/2001,19,17/08/2024,Lake Dana,"307 April Freeway Suite 432, Barberton, IN 83586",Smuggling,Suite 432,,307,April Freeway,Barberton,IN,83586
Daniel Vincent,Daniel,,Vincent,13/11/1972,56,11/08/2032,Johnathanfurt,"2761 Shaffer Path Suite 470, Jessicastad, CA 44199",Theft,Suite 470,,2761,Shaffer Path,Jessicastad,CA,44199
Mr. Anthony Bailey Jr.,Mr.,Anthony Bailey,Jr.,24/05/1978,49,18/08/1984,Heatherberg,"8958 Melanie Roads Apt. 138, West Vickihaven, OR 37643",Murder,Apartment 138,,8958,Melanie Roads,West Vickihaven,OR,37643
Lisa Juarez,Lisa,,Juarez,25/03/1995,27,05/11/2040,Griffinhaven,"4058 Green Stravenue, Tinamouth, IL 19390",Theft,,,4058,Green Stravenue,Tinamouth,IL,19390
Erik Gonzalez,Erik,,Gonzalez,20/06/1998,18,01/04/2022,Bryantchester,"695 Ford Common Apt. 460, Reedview, VT 38522",Highway Robbery,Apartment 460,,695,Ford Common,Reedview,VT,38522
Betty Williamson,Betty,,Williamson,25/04/2002,18,27/04/2020,West Josephbury,"50523 Collins Ways Suite 925, New Nathan, SD 80864",Murder,Suite 925,,50523,Collins Ways,New Nathan,SD,80864
Amanda Thomas,Amanda,,Thomas,09/09/1979,18,18/11/1985,South Matthewfurt,"982 Reynolds Manor Apt. 344, Christianchester, WA 74443",Assault,Apartment 344,,982,Reynolds Manor,Christianchester,WA,74443
Edward Chase,Edward,,Chase,16/04/1973,38,25/09/2002,North Amanda,"60504 Rebecca Spring Apt. 865, Lake Brandonton, FL 57022",Assault,Apartment 865,,60504,Rebecca Spring,Lake Brandonton,FL,57022
Allison Walker,Allison,,Walker,09/12/1988,39,15/11/2016,Dominiqueland,"17413 Wolf Knolls Suite 703, Davidberg, UT 19194",Murder,Suite 703,,17413,Wolf Knolls,Davidberg,UT,19194
Melinda Flynn,Melinda,,Flynn,13/06/1964,47,15/08/1987,Port Daniellechester,"026 Christopher Ridge Suite 278, Lake Ryan, VA 73495",Highway Robbery,Suite 278,,026,Christopher Ridge,Lake Ryan,VA,73495
Adam Hodge,Adam,,Hodge,26/02/1996,18,01/11/2028,Charlesshire,"PSC 9561, Box 9783, APO AA 74659",Assault,,,,PSC 9561,Box 9783,,
Angela Quinn,Angela,,Quinn,06/06/1995,38,01/03/2013,West Jill,"259 Peters Wall, Davidshire, TN 91796",Burglary,,,259,Peters Wall,Davidshire,TN,91796
Emily Miller,Emily,,Miller,12/02/1969,47,23/02/1979,North Derekfurt,"52248 Christian Springs Apt. 324, Lake Jennifer, MT 80242",Forgery,Apartment 324,,52248,Christian Springs,Lake Jennifer,MT,80242
Joseph Wilson,Joseph,,Wilson,30/08/1984,47,02/10/1988,Williamport,"7707 Kenneth Walk Apt. 149, Campbellshire, VA 78900",Forgery,Apartment 149,,7707,Kenneth Walk,Campbellshire,VA,78900
Jody York,Jody,,York,03/02/1966,57,03/08/1966,Port Michelle,"908 Donald Centers Suite 812, Wolfport, NV 69493",Theft,Suite 812,,908,Donald Centers,Wolfport,NV,69493
David Maynard,David,,Maynard,31/03/1970,42,07/11/1995,Bettyborough,"9761 Joan Shores Apt. 266, New Shelbyside, TX 75573",Theft,Apartment 266,,9761,Joan Shores,New Shelbyside,TX,75573
Justin Allen,Justin,,Allen,30/06/2001,30,12/08/2025,Seanberg,"04491 Scott Spur, West Brian, AL 04434",Counterfeiting,,,04491,Scott Spur,West Brian,AL,04434
Donna Casey,Donna,,Casey,02/11/1986,23,22/07/1991,Lucasburgh,"7333 Zachary Ports, South Julie, KS 28095",Smuggling,,,7333,Zachary Ports,South Julie,KS,28095
Terry Crane,Terry,,Crane,15/09/1971,23,06/03/1999,New Brandon,"398 Brian Street, West Richardside, CO 59577",Murder,,,398,Brian Street,West Richardside,CO,59577
Michelle Williams,Michelle,,Williams,05/11/2004,36,27/03/2035,Johnmouth,"3603 Edward Island, New Meganhaven, MO 75910",Murder,,,3603,Edward Island,New Meganhaven,MO,75910
Rachel Stewart,Rachel,,Stewart,11/02/1998,53,13/06/2018,New Emma,"USS Mckinney, FPO AE 78987",Theft,,,,USS Mckinney,FPO AE 78987,,
Charles Benson,Charles,,Benson,08/06/2003,58,19/01/2009,Ronaldborough,"388 Hall Wall, New Pamelaport, SC 76376",Pickpocketing,,,388,Hall Wall,New Pamelaport,SC,76376
Michael Crane,Michael,,Crane,08/05/1984,32,29/11/1989,Port Leslie,"5104 Sanford Trail, North Richard, CT 19269",Forgery,,,5104,Sanford Trail,North Richard,CT,19269
Michelle Hardin,Michelle,,Hardin,25/01/1975,28,24/12/2054,Jamesmouth,"705 Mcguire Center, Lake Georgeborough, SD 72851",Assault,,,705,Mcguire Center,Lake Georgeborough,SD,72851
Stephen Reed,Stephen,,Reed,25/04/1983,23,28/08/2044,West Stephanie,"61740 Martin Circles, Port Heathermouth, ID 06319",Murder,,,61740,Martin Circles,Port Heathermouth,ID,06319
Jennifer Kent,Jennifer,,Kent,08/03/1966,60,12/08/2040,Castroview,"6343 Torres Cliffs Suite 183, Chanview, IA 32340",Highway Robbery,Suite 183,,6343,Torres Cliffs,Chanview,IA,32340
Jennifer Poole,Jennifer,,Poole,07/01/1997,47,08/11/2025,New Paul,"84270 Shawn Point Apt. 027, Jenningsborough, AL 27683",Assault,Apartment 027,,84270,Shawn Point,Jenningsborough,AL,27683
Samantha Dennis,Samantha,,Dennis,06/07/2002,26,02/06/2007,Jamietown,"083 Tyler Fields, New Williamberg, MA 11594",Burglary,,,083,Tyler Fields,New Williamberg,MA,11594
Kevin Johnson,Kevin,,Johnson,16/03/1987,21,13/09/1994,New Jeremy,"747 Rogers Hollow, Lake Aaron, CO 45188",Murder,,,747,Rogers Hollow,Lake Aaron,CO,45188
Joseph Campbell,Joseph,,Campbell,24/09/1975,49,07/05/2003,Josephburgh,"98137 House Road, Chambersborough, NV 40591",Highway Robbery,,,98137,House Road,Chambersborough,NV,40591
Emma Cummings,Emma,,Cummings,30/09/1980,45,26/03/2010,Kingfort,"6395 Smith Crest, North Williamfort, IA 76540",Pickpocketing,,,6395,Smith Crest,North Williamfort,IA,76540
Keith Mata,Keith,,Mata,12/04/2001,48,04/12/2003,Thomasburgh,"066 Alec Valleys, Lake Paulshire, IA 03168",Murder,,,066,Alec Valleys,Lake Paulshire,IA,03168
Dennis Walker,Dennis,,Walker,22/09/1998,35,08/12/1999,Taylorland,"2316 Long Mountain, Charlesmouth, LA 70230",Assault,,,2316,Long Mountain,Charlesmouth,LA,70230
Bonnie James,Bonnie,,James,07/08/1988,37,01/06/2003,West Kimberly,"6569 Harper Springs Suite 600, Sarahfurt, MD 04975",Pickpocketing,Suite 600,,6569,Harper Springs,Sarahfurt,MD,04975
Nicholas Newman,Nicholas,,Newman,19/05/1989,33,16/12/2009,Allenborough,"539 Cynthia Crescent Apt. 329, South Jared, KS 97738",Assault,Apartment 329,,539,Cynthia Crescent,South Jared,KS,97738
Carlos Fleming,Carlos,,Fleming,26/07/1965,30,12/09/2003,Ortegatown,"53156 Cowan Parkways, North Spencerfurt, MD 67389",Smuggling,,,53156,Cowan Parkways,North Spencerfurt,MD,67389
