Full Name,Date of Birth,Age at Offense,Date of Death,Location,Last Known Full Address,Crime
Johnathan Smith,1823-05-14,32,1885-11-20,London,"221B Baker Street, London",Burglary
Margaret O'Connor,1845-08-22,28,1902-03-15,Dublin,"15 Merrion Square, Dublin",Forgery
Thomas Hardy,1801-12-09,45,1870-07-10,Edinburgh,"43 George Street, Edinburgh",Highway Robbery
Elizabeth Blackwell,1830-03-01,40,1895-09-25,Manchester,"78 King Street, Manchester",Pickpocketing
William Turner,1852-11-30,25,1910-01-05,Birmingham,"10 Downing Street, Birmingham",Smuggling
Catherine Johnson,1819-07-17,30,1880-04-12,Glasgow,"5 Argyle Street, Glasgow",Assault
George Williams,1860-02-28,22,1920-06-18,Liverpool,"32 Penny Lane, Liverpool",Counterfeiting
Mary Brown,1825-10-05,35,1890-08-30,Bristol,"14 Queen Square, Bristol",Arson
James Wilson,1840-04-12,27,1905-12-22,Leeds,"9 Briggate, Leeds",Murder
Anne Thompson,1855-09-23,29,1915-11-11,Sheffield,"21 Fargate, Sheffield",Theft
Olivia May,1984-07-25,50,1985-09-05,West Jonshire,"29845 Hodges Pine Apt. 143, East Craig, NV 82937",Arson
Brett Mcintosh,1973-11-09,22,2025-07-06,North Maria,"6603 Jessica Falls Suite 611, Morristown, DE 84720",Smuggling
Richard Decker,1974-08-01,51,2029-02-05,Lake Brandon,"0935 Kennedy Center, Jacksonport, MN 56652",Theft
Christopher Martin,1966-11-18,25,2000-04-02,Jessicaville,"756 Anderson Underpass Apt. 437, Herbertfurt, IA 29888",Pickpocketing
Kirk Aguilar,1994-08-28,40,2039-07-28,Courtneyside,"71105 Joyce Lodge Suite 073, Coleside, TX 95425",Burglary
Vanessa Mendoza,2004-08-02,50,2015-07-29,Waynefort,"582 Gonzalez Forge Suite 611, Connormouth, KS 79601",Assault
Kevin Kramer II,1964-10-04,54,2020-01-01,Lake Scottton,"559 Nelson Hills Apt. 989, Kimport, VA 90411",Arson
Brandy Perkins,1991-06-26,34,2022-03-22,South Helen,"4880 Sarah Plain Apt. 634, East Javierfort, OH 73331",Assault
Mrs. Julie Davis,1980-04-23,49,2000-09-01,Port Cynthia,"Unit 3731 Box 3503, DPO AE 89458",Assault
Latoya Russo,1970-02-07,38,2002-07-16,Port Lindseyfurt,"USCGC George, FPO AA 12172",Theft
Stephen Andrews,1984-08-16,55,1985-05-15,East Joseph,"44131 Davis Ports Suite 301, Davenportstad, DE 88880",Theft
Laura Thompson,1988-01-28,48,2041-09-29,New Coryland,"0262 Tammy Tunnel, New Raymond, OR 69110",Pickpocketing
Jeffrey Mathis,1966-11-11,22,2072-04-30,New Rachelhaven,"604 Miller Squares, Lake Mitchell, OH 27938",Theft
Catherine Klein,1998-04-28,46,2007-07-26,Harrisonhaven,"6242 Nicole Pike, Jamesview, LA 34252",Arson
John Torres,1978-03-04,53,2045-03-18,New David,"72497 Nelson Club, Lake Michelleville, MN 72352",Burglary
Michael Duffy,1970-07-24,59,1973-08-30,Jeffton,"1960 Misty Roads Apt. 546, Marioberg, MD 65967",Arson
Rhonda Brown,1971-03-23,24,1985-08-26,Jameshaven,"89796 Bowers Garden, Fernandoland, RI 84177",Burglary
Carol Sanchez,1965-08-23,59,2033-02-04,Lake Jamieton,"27270 Rebekah Ranch Apt. 313, Port Lindastad, NV 66765",Highway Robbery
Phillip Taylor,1998-02-11,25,2025-04-04,Theresaland,"2864 Michael Meadows Suite 882, New Stephanie, CO 10553",Arson
Carrie Gallagher,1993-12-18,28,2000-10-07,North Cheryl,"47680 Black Route, Lake Matthew, NY 81641",Pickpocketing
Monique Strickland,2001-11-20,44,2002-08-14,Port Gregoryfort,"PSC 2558, Box 9810, APO AE 79502",Pickpocketing
Karen Henderson,1978-08-27,31,1979-10-12,South Michael,"025 Johnson Expressway, Bakerport, GA 24594",Burglary
Mark Burch,1974-02-06,52,1984-11-27,Dustinburgh,"051 Scott Oval, Port Haroldchester, SD 17166",Assault
David Campbell,1987-07-12,33,2014-09-25,Williamsmouth,"07010 Lopez Views Apt. 613, East Albert, RI 49061",Forgery
Shane Mack,1982-12-19,25,1997-03-07,Angelaside,"5695 Michael Summit Apt. 858, Anthonychester, WA 85673",Arson
Daniel Jones,2003-01-13,23,2030-06-26,Sparksberg,"1629 Montgomery Branch, North Christopher, PA 76436",Burglary
Cameron White,1965-05-06,57,2005-03-24,North Stacyland,"Unit 1257 Box 4660, DPO AA 47476",Assault
James Morrison,1991-07-18,48,1992-04-22,North Kimberlyville,"26964 Espinoza Spurs Suite 901, West Jennifershire, ND 27149",Burglary
Walter Miller,1998-03-30,32,2022-12-16,Gutierrezberg,"78844 Amanda Wall Apt. 109, Glentown, MT 21555",Highway Robbery
Christine Harvey,1975-10-30,20,2025-12-03,Lambertland,"Unit 2780 Box 5358, DPO AP 99886",Arson
Isaac Smith,1995-09-25,22,2004-08-24,Hubbardstad,"Unit 8947 Box 7716, DPO AP 27577",Smuggling
Jonathan White,1988-02-03,55,1992-04-21,Pedrofurt,"37480 Ashley Fields, South Williamburgh, MO 64491",Forgery
Ryan Jones,1988-09-27,27,2023-11-13,Hooverville,"47052 Colin Loaf Apt. 989, Nelsonchester, TN 03367",Assault
Lori West,2002-12-09,48,2046-01-31,North Dorisstad,"417 Christopher Mountains, Robertville, IA 08374",Pickpocketing
Denise Marsh,1989-04-26,18,2072-07-29,East Jessica,"09233 Cruz Ville Apt. 568, Joyceshire, WI 31608",Highway Robbery
Christine Carney,1971-11-04,52,1985-09-11,Jennyport,"4388 Bennett Lodge Apt. 477, South Zachary, AR 54784",Arson
Christine Campbell,1964-10-03,19,1972-07-12,Williamport,"221 Vincent Fords, Allenmouth, OR 97340",Highway Robbery
Jennifer Wood,1992-08-25,42,2001-01-08,Candiceberg,"3695 Davis Well Suite 220, Port Sarah, MO 81344",Burglary
Lydia Bell,1995-11-16,38,2008-03-24,Robertshire,"Unit 3338 Box 9074, DPO AP 64783",Murder
Eric Roth,1977-02-07,47,2001-12-21,Michaelchester,"8534 Singh Spring, East Michelle, HI 83070",Smuggling
James Massey,1964-02-07,58,2060-11-08,West Darin,"6074 Johnson Isle Apt. 146, Riveraside, AR 56260",Theft
Timothy Martin,1996-11-10,34,2004-09-22,Patrickberg,"3042 Janet Lake, Spencerside, ID 03495",Highway Robbery
Brittany Meyer,1997-04-22,57,2006-10-19,Emilyburgh,"3501 Hunt Brooks, North Russell, NY 67843",Forgery
Katie Bradshaw,1989-10-08,51,2001-10-25,East Emma,"USNS Andrews, FPO AA 12751",Arson
Julian Nicholson,1988-02-07,24,1989-05-30,Laurafurt,"263 Shelby Motorway, East Jennifer, AR 57150",Forgery
Jesse Martin,1990-05-23,52,2002-10-07,Lake Sierra,"29245 Jacobs Haven Apt. 670, Joneschester, IA 31575",Murder
Michael Jones,1979-12-27,57,1993-06-23,Port Shaneview,"3125 Sarah Path, East Sara, DE 70896",Pickpocketing
Jason Torres,1971-10-22,20,1979-11-07,South Charles,"73975 Bradley Center, Jamiechester, OK 39196",Theft
Dennis Hampton,1980-08-03,22,1988-10-28,North Brandonberg,"4039 Martin Harbors Suite 023, Castrohaven, FL 43900",Pickpocketing
Jack Mata,1973-09-24,35,1980-12-24,Lindsaystad,"453 Juan Road, Matthewshire, ME 87347",Murder
Jennifer Weiss,1985-04-05,60,1998-11-27,Lake Steventown,"65947 Rhonda Land, Christopherhaven, NJ 33923",Pickpocketing
Mr. Devin Henry,1988-06-06,41,1991-09-15,East Tina,"933 Jonathan Ways Apt. 826, Lake Andrewbury, IA 75081",Theft
Jorge Walker,1991-04-11,41,1996-07-03,West Sabrinatown,"830 William Grove, Port Jonathan, OR 13530",Burglary
Barbara Russell,1973-11-18,50,1994-07-15,Youngmouth,"997 Samuel Run, West Michaelport, KS 68613",Theft
Catherine Williams,1998-07-18,41,2021-07-26,New Frank,"043 Chandler Light, Donaldview, VT 15108",Assault
Cody Owens,1991-09-17,28,2004-06-22,South Hollyberg,"15328 Veronica Terrace Suite 806, Fieldsville, SD 91513",Theft
Kaitlyn Henson,1970-04-27,51,1998-05-13,North Diana,"7135 George Crescent Suite 234, Curtistown, CO 52351",Pickpocketing
Kenneth Singh,1988-01-13,32,1992-05-06,Allisonton,"67821 Baker Bypass, Toddport, NJ 09229",Counterfeiting
Mrs. Karen Garcia,1977-02-26,39,1981-03-27,South Rachelberg,"01626 Todd Mountain Suite 293, East Hannahstad, MD 76871",Arson
Daniel Lynch,1998-01-08,42,2021-01-18,Rodriguezstad,"20305 Andrea Forest, Lake Amandaborough, SD 53590",Pickpocketing
Sarah Ramos,1967-05-11,34,2002-09-18,North Bradley,"67534 Charles Ridge Apt. 695, West Victoria, CT 57874",Forgery
David Long,1994-06-16,23,2000-05-31,Noahfort,"4843 Eric Walk, East Charles, AL 31768",Forgery
Isaiah Oneal,1999-10-28,53,2000-03-05,North Mirandaview,"14304 Morse Expressway Suite 369, Warrenmouth, SC 03722",Theft
Marissa Hatfield,1971-08-22,43,2012-09-12,Howardside,"Unit 7389 Box 0946, DPO AE 51911",Smuggling
David Martin,1990-06-18,51,2023-01-14,Herreraborough,"842 Michael Keys Suite 221, Lefort, LA 61154",Arson
Kathleen Butler,1987-09-09,56,2049-10-31,Port Veronicatown,"70449 John Club Apt. 190, Smithfurt, VT 50238",Pickpocketing
Jeremy Mason,1972-02-27,46,2056-11-30,Benjaminbury,"34525 Scott Islands, Nicholasburgh, NJ 23267",Murder
Kayla Matthews,1980-08-15,18,1985-08-09,Lake Sarahchester,"94219 Mendoza Place Apt. 879, South Christinebury, WA 55359",Pickpocketing
Christopher Barnett,1982-10-06,22,1982-12-31,Jenningsmouth,"5161 Dunn Courts, Juliestad, FL 63448",Murder
Suzanne Blake,1968-12-28,26,2005-03-06,Port Christian,"506 Jonathan Shoal, South Ryan, UT 77188",Pickpocketing
Joel Hughes,1999-02-22,53,2000-07-03,Vanessaville,"576 Garza Inlet, Brianfort, AR 51824",Smuggling
John Brown,1971-05-06,46,1995-01-10,North Craig,"600 Kirby Plaza Suite 895, East Robert, SD 42249",Smuggling
Michael Thomas,1983-09-22,32,1988-04-10,Port Leslie,"738 Alvarez Curve, Davisstad, LA 26818",Pickpocketing
Amy Garcia,2004-04-10,30,2052-11-12,Stevensstad,"2892 Carter Throughway, North Dale, GA 86833",Theft
Amanda Hunter,1999-07-22,60,2068-10-13,East Christopher,"5059 Brock Tunnel, North Stephen, DC 69882",Highway Robbery
Nicholas Gray,1998-06-22,20,2058-09-12,New Emilyhaven,"293 Hall Stream, New Erikfurt, NH 45535",Murder
Dennis Aguilar,1996-04-21,46,2055-05-19,East Shannontown,"181 Gray Fall Apt. 340, Lake Christinefurt, NY 50132",Counterfeiting
Gregory Armstrong,2002-10-01,46,2003-07-10,Cochranton,"3642 Michael Ville Suite 283, East Teresafort, HI 40299",Smuggling
Aaron Larson,2002-06-25,21,2064-12-01,East Nancystad,"92656 Jeffrey Streets, North Angelashire, DE 90406",Pickpocketing
Elizabeth Davies,1973-08-01,31,1974-06-25,Lisaburgh,"635 Hines Skyway Apt. 663, Williamsland, IA 79421",Counterfeiting
Donna Parker,1993-01-17,42,1995-04-15,West Brittany,"08886 Rhodes Heights Suite 000, Amberstad, VT 37756",Forgery
Christopher Mckee,2000-08-14,51,2045-01-02,Cobbland,"Unit 0305 Box 8181, DPO AA 04177",Arson
Shawn Johnson,1983-10-11,52,2059-04-25,East Robinshire,"8637 Bobby Bridge Suite 009, West Heathertown, NC 89831",Burglary
Tonya Simmons,1993-04-26,57,1994-11-18,Martinezfort,"31904 Gerald Common, New Paul, IA 65301",Highway Robbery
Bridget Sanchez,1965-05-04,22,1986-07-25,Port Kaitlynstad,"USCGC Doyle, FPO AP 31545",Assault
Melinda Faulkner,2004-07-28,26,2030-10-06,North Adamborough,"45611 Jennifer Grove Apt. 544, Elizabethfurt, AK 07628",Burglary
Sara Forbes,1995-02-22,30,2002-09-26,Gonzaleshaven,"7973 Kimberly Trafficway, Josephville, AL 61371",Smuggling
Sarah Ramirez,1968-08-27,21,1976-05-22,Mariamouth,"2025 Ian Island Apt. 082, South Peggy, IL 54836",Arson
Roger Brown,1965-01-19,27,1988-07-22,Jimenezfurt,"53180 Teresa Forks Suite 496, Ericastad, LA 37012",Forgery
Benjamin Berry,1997-02-22,53,2029-03-26,North Jonathanhaven,"680 Jones Isle, Hoganburgh, NJ 91043",Highway Robbery
Anne Turner,1994-07-20,39,1995-08-17,Stephaniemouth,"08600 Williams Way, Riceside, ID 76622",Assault
Allen Miller,2001-11-23,34,2013-06-02,East Kimberlyport,"22341 Vasquez Landing Suite 721, Martinton, ID 06525",Theft
Eric Edwards,1996-09-20,36,2023-06-10,Jameston,"101 Christina Hills Apt. 203, South Joe, VA 28368",Highway Robbery
Wendy Owen,1979-05-25,43,2033-02-18,Harrisberg,"440 Kristina Mountain, Stephanieville, NM 94375",Pickpocketing
Danny Brown,1986-07-31,58,2031-08-21,Lake Brettmouth,"4844 Samantha Mission Suite 101, Castillochester, NM 99161",Counterfeiting
Deborah Pace,1972-03-24,38,1974-11-01,Port Gregorymouth,"13545 Tony Union, Port Jesuston, HI 61559",Murder
Heather Anderson,1986-10-29,37,1993-02-13,North Jonathan,"244 Edwards Streets Suite 833, Maynardport, VA 16583",Pickpocketing
Evan Jones,1973-04-18,30,1998-02-21,Port Jessica,"36513 Walton Field, Port Peterstad, NE 22464",Smuggling
Jeanne Vance,2001-06-20,41,2036-01-31,Kristinville,"12974 Mendez Knolls Apt. 746, West Randallburgh, HI 19244",Highway Robbery
Kevin Vang,2001-10-15,44,2040-05-21,South Jeffreymouth,"154 Phillip Circles, Glennborough, CT 32669",Forgery
Ashley Smith,1999-10-06,18,2045-09-23,Torresmouth,"45985 Martinez Crossing Apt. 012, Richardfort, MI 24031",Counterfeiting
Paul Robertson,1986-04-03,49,2013-11-23,South Julieburgh,"54060 Wall Crescent Apt. 614, Rhodesville, ID 93687",Theft
Lori Hess,1996-08-04,18,2003-07-30,Romanville,"37311 Allen Trafficway Suite 258, Brownstad, MT 42847",Burglary
Steven Hampton,1968-04-17,48,1990-04-08,Lake Albertshire,"34570 Martin Greens Apt. 568, Jamesbury, NC 48569",Pickpocketing
Miranda Kennedy,1990-01-31,59,2059-01-04,West Allison,"25700 Roberts Manors Apt. 324, Haleside, CT 91195",Forgery
Sarah Rivas,1991-12-05,59,2003-01-18,East Brandi,"7573 Webster Knoll, East Joshuachester, OK 36196",Pickpocketing
Regina Henry,1981-01-13,28,1983-04-01,Richardberg,"826 Bates Green, North Nancyhaven, GA 21481",Pickpocketing
Dakota Valenzuela,1990-03-14,45,1997-08-15,Bakerville,"9321 Perez Orchard, Campbellmouth, VA 93702",Counterfeiting
Margaret Luna,1988-01-12,59,1999-03-07,Gatesview,"94567 Angela Views Apt. 067, Riversstad, HI 36924",Forgery
Connie Lopez,1984-10-14,35,2043-04-19,North Hannah,"140 Maria Road Apt. 058, North Kimberlyfurt, WY 50871",Forgery
Katelyn Phillips,1979-04-03,55,1983-10-16,Rodriguezmouth,"38482 Curtis Cape, Grayland, NY 08517",Smuggling
Michael Tran,1973-07-02,38,2026-12-11,Port Christinaside,"05898 Rhonda Inlet Suite 589, Maddoxshire, DC 92782",Arson
Richard Nguyen,1971-02-27,55,1982-09-14,Stewartfort,"795 Miller Pines, Port Nathanborough, NY 10465",Pickpocketing
Margaret Robinson,1988-12-28,21,1989-01-14,Scottberg,"PSC 9521, Box 7457, APO AA 06567",Arson
Christopher Wagner,1988-08-22,29,2029-11-26,South Gabriela,"20903 Deborah Rue, Christopherview, VT 73659",Highway Robbery
Courtney Adams,1965-04-06,38,2011-04-01,Sanchezberg,"193 Silva Ranch Suite 175, Taylorton, IL 21823",Pickpocketing
Lori Walker,1989-04-30,23,1992-10-13,Port Brettland,"47098 Holt Station Apt. 469, West Michaelport, HI 50072",Forgery
Trevor Mcgrath,1992-12-15,21,2053-07-21,Davidberg,"75880 James Bridge, Salasside, HI 14418",Arson
Carlos Warren,1971-08-19,34,2011-01-16,Lake Keithstad,"USNV Carroll, FPO AE 21724",Pickpocketing
Kelly Scott,1968-06-14,20,1970-09-14,Traviston,"643 Paul Stream, Thompsonfort, AR 90985",Counterfeiting
Taylor Espinoza,1988-03-08,21,2020-03-03,Lisafurt,"3733 Rosario Track Apt. 221, Kellyfurt, ME 89667",Arson
Rebecca Clarke,1978-08-05,55,2004-03-27,West Nicholas,"10451 Ward Estate, West Christopher, DE 54143",Highway Robbery
Misty Franklin,1967-02-15,33,1986-03-29,Foxton,"189 Dawson Greens, Mitchellmouth, OH 29996",Forgery
Vanessa James,1987-02-05,43,2017-06-27,Reedport,"884 Rachel Islands, Lake Saraville, GA 66495",Smuggling
Brian Sanchez,1998-02-15,40,2005-11-05,Loganville,"7177 Sandoval Flats Apt. 659, East Billy, ND 32597",Forgery
Brian Duncan,1993-10-04,23,2059-03-14,East Paulaborough,"176 Orr Glen Apt. 544, West Michael, NE 01406",Arson
Brandon Aguirre,1969-04-03,38,1973-10-13,Karenhaven,"4183 Chelsea Rest Apt. 400, Mindyland, DE 13985",Highway Robbery
Sherri Knapp,1991-01-13,40,2002-06-03,Lake Manuelland,"92083 Christina Fall, Port Timothyland, DC 68433",Pickpocketing
Elizabeth Allen,1996-04-10,25,2058-11-12,Rodriguezfurt,"041 Nathan Ports, East Joshua, ID 49330",Burglary
Desiree Heath,2003-01-11,46,2003-06-04,Michaelfurt,"7568 Martinez Club, North Michelle, ND 76110",Arson
Melanie Allen,1989-01-05,34,2010-01-23,North Darren,"2209 Espinoza Plaza, West Jeanette, WY 22776",Murder
Kimberly Andrews,1986-01-05,60,2000-12-31,North Michaelmouth,"220 David Knolls, South Gail, LA 94272",Arson
Crystal Robles,1990-05-26,50,1997-07-03,Lauraberg,"245 Jesse Squares Apt. 321, North Nathanbury, WI 80755",Pickpocketing
Mercedes Williamson,1984-03-11,56,1986-04-19,New Johnfort,"115 Brennan Valley Apt. 045, West Stacy, VA 37355",Forgery
Felicia Mitchell,1991-06-02,26,2003-12-03,Colemanton,"2368 Webster Light, West Laurenstad, AZ 75875",Smuggling
Heather Clark,1995-02-27,26,2000-10-14,Johnville,"6854 Gordon Tunnel Apt. 818, Hansonmouth, NC 80649",Pickpocketing
Janice Coleman,1967-10-12,26,1968-06-21,Anthonyfurt,"4415 Rebecca Loaf Suite 029, Lake Paulachester, HI 44330",Murder
Christopher Williams,1973-05-30,26,2008-04-18,West Vincent,"467 Joel Ridges, Sawyerhaven, MD 40205",Arson
Erica Cox,1996-12-31,38,2025-04-07,Port Christine,"1695 Gibson Trafficway Suite 146, Riosmouth, DE 62569",Burglary
Shawn Diaz,1986-03-27,38,1998-09-02,New Bryanbury,"0702 Ballard Springs, South Kennethside, PA 27326",Counterfeiting
Michelle Nelson,1987-05-20,24,2003-02-28,Port Kevinberg,"USNS Mcdonald, FPO AP 32251",Burglary
Michelle Romero,1964-12-22,27,1975-12-13,South Christine,"9443 Davis Keys, Wilsonville, IA 36493",Forgery
Heather Conner,1971-04-14,29,1992-02-28,Calvinton,"75733 Elizabeth Ports Suite 145, Jenkinston, MI 55197",Assault
Ashley Yates,1984-12-22,49,2002-02-04,Port Michaelbury,"2661 Pruitt Forks, Shelbyview, PA 48901",Burglary
Randy Shaffer,1986-07-12,45,2019-10-29,Francesville,"03004 Byrd Burg Apt. 713, West William, IN 15823",Highway Robbery
Samantha Moore,1974-02-27,39,1980-03-08,Melissamouth,"03367 Kerr Vista, Cathyland, CA 02321",Burglary
Jeremiah Esparza,1985-10-16,43,2053-04-29,East Melissaburgh,"310 Acevedo Vista, Littlefort, IL 26862",Burglary
Katherine Wade,1968-10-01,57,1973-06-30,South James,"075 Sarah Underpass, West Kristenville, HI 35517",Pickpocketing
Mia Mercado,1995-05-18,18,2003-11-06,South Sherri,"097 Massey Rapid, Port Natalie, NJ 01633",Smuggling
Catherine Deleon,1978-02-27,28,2047-03-08,Port Christina,"626 Rachel Drive, North Christopher, VA 51876",Smuggling
Michael Hoffman,1973-12-10,45,1986-02-07,Griffithview,"5739 Padilla Stream, Robertsfort, OK 46743",Pickpocketing
Tina Woods,1989-04-23,19,2059-02-15,Williamsberg,"63968 Rebekah Walks, Hernandezview, MO 20265",Burglary
Tracy Thomas,1975-12-22,54,2002-08-21,South Kelly,"20396 Sarah Knoll, New Alexandria, SD 14528",Assault
Evan Williams,1983-04-16,55,2011-10-08,North Christopher,"3158 Hancock Bridge, Onealmouth, UT 62352",Arson
Bryan Nguyen,1979-06-27,40,1992-04-20,New Johnfurt,"718 Meyer Orchard, New Grant, OR 39767",Theft
Elizabeth Roberts,2004-06-03,21,2028-07-11,West Paigeside,"37293 Smith Shoals, Hernandezhaven, WI 93431",Theft
Christopher Alvarez,2004-04-09,23,2039-07-22,Port Evanmouth,"7066 Denise Ways, Acostaburgh, CO 22154",Pickpocketing
Erica Daniels,1977-11-18,40,2030-09-04,South Teresa,"50832 Stout Branch Suite 203, Port Loribury, MN 71702",Pickpocketing
Cynthia Brown,1969-12-04,21,2001-09-08,West Blakeside,"3742 Daniel Hill Apt. 323, Harveychester, WV 33992",Counterfeiting
Elijah Berry,1984-08-22,35,1988-11-11,Schmidtmouth,"USNS Copeland, FPO AA 48440",Murder
Elizabeth Gomez,2001-11-23,50,2051-02-02,Lake Richardburgh,"59997 Kelly Harbors, New Deborah, PA 51568",Arson
Nicholas Davis,1969-02-12,36,1998-12-06,Quinnfurt,"8174 Julie Flat, New Thomas, CO 80478",Highway Robbery
Philip Pierce,1975-10-03,23,2013-02-08,Lake Joshuatown,"27790 John Inlet Apt. 414, Port Michele, WV 50865",Forgery
Robert Roberson,1977-09-24,20,2039-01-26,New Ryanchester,"2899 Fields Lakes Suite 467, Manuelton, NH 82121",Forgery
Nicole Williams,1992-04-14,36,2051-09-08,Bradleyville,"976 Renee Creek Apt. 358, Steeleshire, MT 52158",Counterfeiting
Darryl Dillon,1997-04-10,46,2044-06-08,North Daniel,"PSC 0334, Box 2947, APO AP 16861",Assault
James Todd,2004-07-20,60,2019-10-19,Port Deanberg,"7780 Elizabeth Estates, Gonzalesmouth, MN 68288",Assault
Melissa Garcia,1983-08-20,33,1986-09-23,Weissshire,"532 Mckee Alley, Lake Travisfurt, OR 84863",Counterfeiting
John Glover,1972-03-20,46,2021-06-17,South Kimberlymouth,"746 Roy Mountains, Chrisbury, NC 83921",Pickpocketing
Linda Aguilar,1990-10-25,38,2061-06-13,Lake Kenneth,"297 Harvey Forges Suite 484, North Kevin, FL 69523",Murder
Zachary Bowers,1976-10-03,59,1988-12-16,Alexisside,"0897 Mary Shore Suite 178, Port Jimmy, PA 55155",Theft
Maria Esparza,1982-05-14,58,2072-05-29,Mclaughlinstad,"81969 Julian Mountains Apt. 306, Daviesport, NH 60353",Forgery
Sean Jones,1983-03-26,23,2050-11-19,New Justinland,"843 Katherine Rest Apt. 667, West Heather, NV 81313",Forgery
Eric Garza,1969-01-05,44,1971-11-30,Lake Rachel,"14190 Andrea Rue, New Samantha, MA 68001",Smuggling
Sharon Howell,1965-12-02,55,1971-07-17,Frazierville,"Unit 6485 Box 1484, DPO AP 59926",Highway Robbery
Lori Garza,1987-11-29,39,2004-04-25,North Jamesburgh,"44777 Marie Stream, Nicolebury, AL 47931",Highway Robbery
Travis Richardson,1995-06-14,51,2046-06-19,South Gregory,"Unit 1722 Box 8034, DPO AA 11634",Highway Robbery
Jacob Watson,1977-07-24,20,2035-01-22,East Curtisstad,"745 Traci Course, Josephstad, AK 08500",Forgery
Margaret Williams,1976-06-26,22,1995-02-25,Port George,"7817 Hale Viaduct, Port Walterville, KY 76099",Pickpocketing
Bobby Washington,1982-11-21,33,2007-04-29,Davischester,"5658 Lewis Trail, Ramirezside, OR 87571",Pickpocketing
Dana Henderson,1967-12-11,18,1970-04-20,Courtneyland,"345 Barbara Bridge, Lake Rebeccashire, NE 27924",Murder
Paul Green,1977-09-02,54,1990-01-06,Clineberg,"Unit 4594 Box 1186, DPO AE 20204",Murder
Donald Waters,1984-03-04,28,1985-04-06,West Kathleenfurt,"786 Mercer Ports Suite 010, Lake Andrewfurt, MO 23512",Smuggling
William Taylor,2004-02-11,36,2039-04-27,South Erinshire,"0232 Parker Via, Chapmanmouth, NM 36683",Burglary
Alyssa Lawson,2002-12-05,24,2030-07-04,South Carlaside,"271 Hawkins Stream, Adamton, RI 50072",Counterfeiting
Johnny Mckinney,1976-01-31,30,1982-07-25,Parkerport,"67705 Ryan Island Apt. 907, Lake Elizabeth, MI 35815",Theft
Andrew Mathis,2002-07-04,49,2012-10-27,Colehaven,"37057 Paula Spurs Apt. 208, Mortonmouth, TX 88638",Arson
Derek Porter,1990-11-18,42,2069-10-10,South Ellenfurt,"46925 Jennifer Courts Apt. 005, South Georgeton, GA 30772",Assault
Linda Anderson,1980-12-29,31,1986-10-17,Foxmouth,"79707 Dustin Isle Suite 274, North Jamesfurt, RI 73889",Smuggling
Gregory Villarreal,1975-10-01,49,1992-09-30,Martinezmouth,"3351 Kyle Canyon, North Denisestad, NY 80849",Theft
Mrs. Emily Jacobs,2001-08-01,18,2020-06-26,Wilsonstad,"7000 Zachary Wall, North Michael, AR 07170",Theft
Adam Young,1987-01-24,41,1991-01-20,Wilsonmouth,"Unit 9925 Box 1740, DPO AP 33593",Highway Robbery
James Rios,1984-07-18,40,1995-12-20,South Kristin,"812 Charlotte Square Apt. 863, East Jonathan, NV 40936",Pickpocketing
Shannon Smith,1969-08-22,56,1971-01-27,New Christopher,"Unit 6696 Box 3206, DPO AP 07778",Burglary
Jack Burns,1967-07-03,31,2031-07-20,East Amber,"815 James Throughway, Alexisfurt, IL 46697",Counterfeiting
Jenny Chapman,1999-08-09,42,2028-02-07,West Annafurt,"2231 Hill Courts, Lake Stephanie, CO 61642",Murder
Preston Garrison,1981-10-07,32,2057-06-02,South Jacob,"9528 Huff Lock, East Micheleland, NH 09664",Counterfeiting
William Long,1970-07-18,49,2015-08-07,Edwardsburgh,"3491 Grant Island, Grayhaven, MI 89302",Highway Robbery
Christina Dean,1974-09-05,34,1981-05-05,East Ashley,"964 Williams Ways, Kristinaberg, CO 10089",Arson
Sarah Taylor,1965-06-08,29,2037-06-19,Hamiltonport,"2921 Solis Track, South Brett, CO 26178",Murder
Ryan Green,1966-06-14,40,2087-01-26,North Cynthia,"1634 Charles Cape, North Charles, LA 24723",Theft
John Vargas,1977-10-25,45,1997-06-30,New Deborahmouth,"38383 Ferrell Stream, North Shane, OK 06779",Forgery
Kevin Bailey,2001-01-13,56,2063-08-02,West James,"6704 Hunt Station Apt. 013, North Jessicamouth, GA 87096",Assault
Aaron Smith,1981-08-10,23,2063-07-19,Tonyfort,"USS Avila, FPO AA 19628",Pickpocketing
Jonathan Anderson,1989-09-14,31,1990-11-01,New Theresa,"266 Sheri Brook Apt. 621, Murphyton, LA 24138",Counterfeiting
Susan Flores,1989-04-25,19,2042-12-21,Port Thomasstad,"45878 Mendez Lakes, South Katie, ME 04442",Murder
Tamara Huber,1985-08-08,43,1994-08-28,Jessicaton,"748 Holly Knolls, West Margaretshire, WI 46132",Pickpocketing
Jacqueline Morris,1994-05-01,19,2028-08-28,Ambermouth,"170 Jamie Fall Suite 356, Mcconnellville, WY 08417",Counterfeiting
Bryan Gomez,2004-05-20,22,2026-10-18,Whitemouth,"7551 Melissa Pass Apt. 169, Lake Frankfurt, MO 11094",Arson
Sarah Acosta,1985-09-03,24,1988-09-13,North Mary,"4650 Paul Forges, Arthurstad, NV 60983",Smuggling
Sara Crane,1989-07-29,28,2044-04-11,Erikstad,"967 Rice Ferry Suite 672, Port Mario, AR 57972",Murder
Robert Wade DVM,2000-12-09,51,2021-10-30,Pettybury,"358 Douglas Crossing Suite 485, South Ginatown, HI 40164",Arson
Krystal Cooper,1992-01-25,39,2057-09-20,Adamborough,"73382 Emma Underpass, North Jill, DC 09452",Forgery
Patrick Rice,1965-04-07,30,2009-03-28,Edwardsmouth,"7786 Hamilton River, Owensberg, NJ 31435",Theft
Curtis Murray,1997-03-04,32,2030-04-20,Jonesstad,"352 Miranda Throughway Suite 240, New Dennis, NC 01545",Assault
Margaret Molina,2003-04-15,25,2036-04-08,Robbinsland,"0197 Schwartz Glens, Smithchester, AK 19372",Theft
Patrick Williams,1991-04-30,25,2001-12-27,North Joshualand,"771 Sydney Mountain Apt. 171, Lake Samuel, KS 22022",Counterfeiting
Ryan Bradley,1980-11-26,27,2081-10-19,Wardshire,"0808 Connie Crossroad Suite 539, North Mark, WV 65646",Pickpocketing
Cody Jones,1987-08-30,32,2036-11-12,North Robertmouth,"4826 Wendy Estates, Christyshire, NV 74115",Pickpocketing
Ryan Bird,1990-09-14,40,2038-08-20,Port Michael,"99136 Zimmerman Cliffs, Robertborough, CA 59310",Counterfeiting
Julie Callahan,1984-01-08,51,2009-05-04,West Rickyshire,"Unit 2583 Box 6382, DPO AA 46409",Theft
Jeffrey Phillips,1987-12-21,34,2048-11-23,Kimberlyview,"3894 Cunningham Wells Apt. 147, South Timothy, PA 03638",Theft
Joel Gomez,2003-12-29,55,2009-12-10,Andrewchester,"6107 David Lodge, Youngberg, KS 60151",Pickpocketing
Nicholas Harris,1975-06-01,30,2075-11-08,East Patricia,"28365 Edward Inlet Suite 951, Josephshire, OH 94416",Burglary
Steven Espinoza,1980-06-28,37,2012-04-08,Lindseyton,"1072 Tiffany Mountains Suite 739, Port Carmenburgh, CA 31626",Burglary
Mark Boyle,1967-12-14,26,1982-10-24,Sandratown,"PSC 8389, Box 9318, APO AE 87111",Highway Robbery
Crystal Ayala,2000-10-15,57,2010-09-09,Robinborough,"81942 Daniel Lodge, Kristinahaven, MN 85196",Arson
Jacqueline Thompson,1975-11-14,36,1996-06-28,Jamiefort,"35449 Christian Shoals, Terriview, HI 00651",Highway Robbery
Tammy Smith,1987-06-08,22,2013-02-11,Port Dennismouth,"3939 Hernandez Keys, New Jenniferside, VA 85835",Counterfeiting
Debra Roman,1979-10-07,52,1998-03-20,Obrienville,"75013 David Valleys, Amyburgh, MI 32693",Arson
Becky Obrien,1964-01-27,21,1964-11-20,Lambertshire,"487 Garcia Roads, New Davidville, MN 97552",Counterfeiting
Katie Allen,1974-10-20,41,2055-04-06,West Kimberg,"11224 Kristina Cove, South Brenda, SD 46802",Assault
Michael Mata,1990-01-31,56,2017-06-01,North Coreystad,"88905 Miller Plaza, Glenfurt, WA 07816",Smuggling
Jesse Williams,1968-06-02,28,1987-08-12,Lake Henry,"49805 Figueroa Villages, New Alyssa, MN 43929",Counterfeiting
Shelley Alvarado,2003-05-16,18,2005-09-09,Gonzalezland,"03014 Brown Greens, East Elizabethmouth, MA 13021",Smuggling
Robert Pacheco,1996-03-28,51,2013-07-11,Burnsshire,"166 Sarah Inlet Apt. 748, Jasonview, LA 01648",Murder
Heidi Key,1984-05-25,51,2011-05-26,Lake Marissatown,"37588 Perez Hollow, Lake Christopher, OK 04901",Theft
Stacy Bell,1985-01-28,44,1989-12-06,Goodmanburgh,"036 James Shores, South Heatherstad, MS 29440",Arson
Samantha Green,1991-05-21,31,2010-09-02,Port Christopherville,"1971 Ward Ridge Suite 240, Jonesshire, SC 41439",Murder
Laura Black,1977-01-10,43,1980-11-26,Bryanthaven,"7638 Jesse Glen Suite 577, Diazview, NM 45781",Murder
Ariana Schmitt,1997-08-04,20,1999-03-13,Adamsborough,"091 Julie Inlet Suite 261, Ronaldview, MN 48803",Highway Robbery
Ruth Gill,1983-11-12,53,2011-07-06,West Rickyport,"41788 Barbara Junctions Suite 800, North Manuelton, RI 48744",Burglary
Ryan Brown,1970-08-21,38,2046-10-27,Edwardhaven,"4290 Martinez Street Apt. 691, Thompsonborough, WA 67716",Highway Robbery
Virginia Shaw,1971-06-30,46,2019-11-21,New Davidland,"32677 Wagner Expressway Suite 354, Lake Joseph, NY 60580",Counterfeiting
Zachary Cole,1969-08-12,30,2046-10-04,Lake Heatherfort,"53484 Robert Mission Apt. 150, Port Joseph, ID 60135",Burglary
Dustin Perez,1972-03-20,18,2076-05-12,West Alicia,"148 Calderon Garden, Tylerhaven, UT 84356",Highway Robbery
Brent Jenkins,2001-03-31,23,2015-09-16,Taylorside,"586 Adrienne Stream, East Michael, VA 90825",Assault
Courtney Ochoa,1980-09-16,20,1997-05-23,New Elizabeth,"6504 Munoz Harbor, Kristinashire, GA 92115",Pickpocketing
John Valdez,1965-07-11,52,1967-04-10,North Angelica,"5064 Nicole Oval, Johnport, MN 35964",Highway Robbery
Shannon Moore,1984-01-07,21,1993-04-20,South Barbara,"PSC 2689, Box 0785, APO AP 04413",Burglary
Jacob Herman,2000-07-27,52,2002-10-21,Maryland,"0695 Lee Lodge Suite 536, South Melaniefort, IL 88549",Counterfeiting
Melanie Cruz,1980-03-16,34,2000-01-11,Erinton,"62907 Poole Roads, Lake Chadburgh, VT 95118",Burglary
Brittany Wolfe,1985-12-20,51,1999-10-13,Wallacefurt,"8533 Brewer Port, West Crystal, AZ 33611",Assault
Todd Martinez,1969-01-31,18,1998-12-14,North Clifford,"43187 Rose Valleys Apt. 589, East Jessica, MO 27297",Theft
Hannah Bray,2001-07-24,55,2035-07-20,Charlesland,"95476 Christina Ferry Apt. 263, Deborahtown, OR 38083",Forgery
Teresa Wallace,1996-10-03,54,2018-01-13,Andrewland,"USNS Coleman, FPO AE 01847",Pickpocketing
Anthony Mendoza,1992-09-18,19,2011-01-01,Rodriguezberg,"7692 Kelsey Orchard Suite 613, North Christopher, IN 36569",Counterfeiting
Michael Hanna,1998-06-21,49,2028-06-14,North Sean,"90984 Garrett Station, Port Davidville, GA 40659",Theft
Bianca Davis,1985-07-06,31,2005-12-30,Port Brittany,"397 Gordon Rue, Leefort, CT 06836",Burglary
Justin Stanton,1976-10-24,19,2003-04-07,Bethanystad,"91220 Julie Isle, Robertborough, RI 74564",Forgery
Deanna Bailey,1979-12-27,54,2047-06-27,Joshuafurt,"202 Bennett Canyon Suite 393, South Jenniferburgh, MS 93300",Assault
Alexandra Weaver,1998-01-22,26,2015-05-09,Thomasburgh,"8999 Kimberly Crossing, Lauramouth, ND 79223",Burglary
Dillon Burton,2000-04-24,47,2019-05-20,Rossside,"46209 Cathy Vista Apt. 171, Eatonton, RI 63365",Smuggling
Heather Maynard,1980-04-14,27,2000-11-13,Kennethborough,"USNV Waters, FPO AA 31458",Pickpocketing
Christopher Williams,2001-12-05,19,2024-08-17,Lake Dana,"307 April Freeway Suite 432, Barberton, IN 83586",Smuggling
Daniel Vincent,1972-11-13,56,2032-08-11,Johnathanfurt,"2761 Shaffer Path Suite 470, Jessicastad, CA 44199",Theft
Mr. Anthony Bailey Jr.,1978-05-24,49,1984-08-18,Heatherberg,"8958 Melanie Roads Apt. 138, West Vickihaven, OR 37643",Murder
Lisa Juarez,1995-03-25,27,2040-11-05,Griffinhaven,"4058 Green Stravenue, Tinamouth, IL 19390",Theft
Erik Gonzalez,1998-06-20,18,2022-04-01,Bryantchester,"695 Ford Common Apt. 460, Reedview, VT 38522",Highway Robbery
Betty Williamson,2002-04-25,18,2020-04-27,West Josephbury,"50523 Collins Ways Suite 925, New Nathan, SD 80864",Murder
Amanda Thomas,1979-09-09,18,1985-11-18,South Matthewfurt,"982 Reynolds Manor Apt. 344, Christianchester, WA 74443",Assault
Edward Chase,1973-04-16,38,2002-09-25,North Amanda,"60504 Rebecca Spring Apt. 865, Lake Brandonton, FL 57022",Assault
Allison Walker,1988-12-09,39,2016-11-15,Dominiqueland,"17413 Wolf Knolls Suite 703, Davidberg, UT 19194",Murder
Melinda Flynn,1964-06-13,47,1987-08-15,Port Daniellechester,"026 Christopher Ridge Suite 278, Lake Ryan, VA 73495",Highway Robbery
Adam Hodge,1996-02-26,18,2028-11-01,Charlesshire,"PSC 9561, Box 9783, APO AA 74659",Assault
Angela Quinn,1995-06-06,38,2013-03-01,West Jill,"259 Peters Wall, Davidshire, TN 91796",Burglary
Emily Miller,1969-02-12,47,1979-02-23,North Derekfurt,"52248 Christian Springs Apt. 324, Lake Jennifer, MT 80242",Forgery
Joseph Wilson,1984-08-30,47,1988-10-02,Williamport,"7707 Kenneth Walk Apt. 149, Campbellshire, VA 78900",Forgery
Jody York,1966-02-03,57,1966-08-03,Port Michelle,"908 Donald Centers Suite 812, Wolfport, NV 69493",Theft
David Maynard,1970-03-31,42,1995-11-07,Bettyborough,"9761 Joan Shores Apt. 266, New Shelbyside, TX 75573",Theft
Justin Allen,2001-06-30,30,2025-08-12,Seanberg,"04491 Scott Spur, West Brian, AL 04434",Counterfeiting
Donna Casey,1986-11-02,23,1991-07-22,Lucasburgh,"7333 Zachary Ports, South Julie, KS 28095",Smuggling
Terry Crane,1971-09-15,23,1999-03-06,New Brandon,"398 Brian Street, West Richardside, CO 59577",Murder
Michelle Williams,2004-11-05,36,2035-03-27,Johnmouth,"3603 Edward Island, New Meganhaven, MO 75910",Murder
Rachel Stewart,1998-02-11,53,2018-06-13,New Emma,"USS Mckinney, FPO AE 78987",Theft
Charles Benson,2003-06-08,58,2009-01-19,Ronaldborough,"388 Hall Wall, New Pamelaport, SC 76376",Pickpocketing
Michael Crane,1984-05-08,32,1989-11-29,Port Leslie,"5104 Sanford Trail, North Richard, CT 19269",Forgery
Michelle Hardin,1975-01-25,28,2054-12-24,Jamesmouth,"705 Mcguire Center, Lake Georgeborough, SD 72851",Assault
Stephen Reed,1983-04-25,23,2044-08-28,West Stephanie,"61740 Martin Circles, Port Heathermouth, ID 06319",Murder
Jennifer Kent,1966-03-08,60,2040-08-12,Castroview,"6343 Torres Cliffs Suite 183, Chanview, IA 32340",Highway Robbery
Jennifer Poole,1997-01-07,47,2025-11-08,New Paul,"84270 Shawn Point Apt. 027, Jenningsborough, AL 27683",Assault
Samantha Dennis,2002-07-06,26,2007-06-02,Jamietown,"083 Tyler Fields, New Williamberg, MA 11594",Burglary
Kevin Johnson,1987-03-16,21,1994-09-13,New Jeremy,"747 Rogers Hollow, Lake Aaron, CO 45188",Murder
Joseph Campbell,1975-09-24,49,2003-05-07,Josephburgh,"98137 House Road, Chambersborough, NV 40591",Highway Robbery
Emma Cummings,1980-09-30,45,2010-03-26,Kingfort,"6395 Smith Crest, North Williamfort, IA 76540",Pickpocketing
Keith Mata,2001-04-12,48,2003-12-04,Thomasburgh,"066 Alec Valleys, Lake Paulshire, IA 03168",Murder
Dennis Walker,1998-09-22,35,1999-12-08,Taylorland,"2316 Long Mountain, Charlesmouth, LA 70230",Assault
Bonnie James,1988-08-07,37,2003-06-01,West Kimberly,"6569 Harper Springs Suite 600, Sarahfurt, MD 04975",Pickpocketing
Nicholas Newman,1989-05-19,33,2009-12-16,Allenborough,"539 Cynthia Crescent Apt. 329, South Jared, KS 97738",Assault
Carlos Fleming,1965-07-26,30,2003-09-12,Ortegatown,"53156 Cowan Parkways, North Spencerfurt, MD 67389",Smuggling
