EmployeeID,FirstName,LastName,Age,Gender,Department,Salary,HireDate,Email
1,Roy,Taylor,42,Male,IT,75984.35,2016-10-17,plong@example.org
2,Karen,Castaneda,44,Male,HR,44197.42,2024-04-13,linda04@example.org
3,Catherine,Hill,26,Female,Finance,75929.64,2015-10-01,james03@example.net
4,Chad,Barrett,33,Male,Marketing,55946.72,2023-01-03,matthew70@example.net
5,John,Malone,30,Female,Sales,68033.0,2023-02-24,williamballard@example.com
6,Matthew,Cole,48,Male,Finance,49483.77,2019-04-10,vanessataylor@example.org
7,Brianna,Long,21,Male,IT,117933.44,2014-12-03,coffeybrian@example.com
8,Stephen,Atkinson,44,Male,IT,103415.57,2014-08-09,cgreen@example.net
9,Julie,Sullivan,58,Female,Finance,113753.85,2016-10-17,brianchambers@example.net
10,Terrance,Keller,34,Female,HR,58173.77,2021-11-09,jonathan07@example.com
11,Denise,Carrillo,33,Male,Sales,62758.36,2020-12-25,arivera@example.net
12,Cynthia,Stephens,38,Female,Sales,37323.34,2015-01-16,michelecarrillo@example.org
13,Andrew,Alexander,40,Female,HR,112049.71,2016-01-19,christopherboyle@example.net
14,Scott,Castaneda,60,Male,Finance,71317.44,2021-08-17,riverabrandon@example.net
15,Mariah,Charles,54,Female,Finance,78315.21,2024-02-19,pherrera@example.org
16,Andrea,Nichols,59,Male,Marketing,71868.37,2023-02-14,ihahn@example.org
17,Jasmine,Nicholson,51,Male,HR,72886.26,2021-10-15,zfreeman@example.net
18,Matthew,Young,34,Male,Sales,40801.15,2023-10-08,sharon64@example.org
19,Tyler,Fields,25,Female,Sales,80679.68,2018-01-21,caitlin80@example.com
20,Rebecca,Rogers,43,Male,Sales,38446.77,2017-05-16,shogan@example.com
21,Juan,Avila,21,Female,IT,67284.84,2015-03-19,madisonjohnson@example.com
22,Brenda,Burns,25,Male,Finance,87830.29,2023-07-16,smithjudy@example.net
23,Rodney,Brown,34,Male,Sales,118513.11,2020-10-04,sherrycortez@example.com
24,Eric,Robbins,51,Male,Finance,92552.35,2021-05-05,amy97@example.org
25,Louis,Davis,40,Female,Marketing,87695.84,2017-11-11,angelaolson@example.net
26,Shannon,Bradley,33,Male,Sales,56355.94,2017-07-30,nelsontimothy@example.com
27,Alyssa,Gilbert,31,Male,Finance,116919.47,2015-07-21,gwright@example.com
28,Cynthia,Bartlett,60,Male,IT,80441.43,2019-04-13,rodriguezjohn@example.net
29,Clinton,Peterson,44,Female,IT,82748.17,2018-02-15,bmccarthy@example.com
30,Nicole,West,42,Female,Sales,76312.17,2023-01-02,laurenmcdonald@example.org
31,Joshua,Church,23,Male,HR,44296.64,2021-10-31,carpentermelissa@example.net
32,Christopher,Boyd,52,Female,Finance,62194.94,2017-03-05,robert07@example.net
33,Michael,Carter,30,Female,Sales,103491.79,2017-06-21,ghill@example.org
34,Benjamin,Bailey,42,Male,IT,48739.18,2016-04-10,woodjohn@example.org
35,Carla,Hernandez,30,Female,Sales,113747.47,2019-01-01,heather13@example.com
36,Steven,Matthews,27,Male,Marketing,70601.19,2018-06-11,ggarcia@example.org
37,Jason,Ellis,39,Female,IT,52041.67,2021-12-04,sean96@example.net
38,Margaret,Watson,20,Male,Finance,40548.0,2021-12-26,pgibson@example.org
39,Sarah,Finley,42,Male,IT,30892.31,2019-09-23,mtaylor@example.com
40,Christian,Romero,28,Female,Finance,81524.71,2019-04-16,richardturner@example.org
41,Carrie,Harper,43,Male,Marketing,95985.0,2023-06-06,dylanpotter@example.net
42,Brandi,Johnson,25,Female,Marketing,71657.86,2019-12-08,seanmiller@example.com
43,Brooke,Gomez,21,Male,Sales,38612.57,2018-03-28,mcbridekimberly@example.com
44,Samuel,Buck,51,Male,HR,69347.38,2018-04-25,jeffrey72@example.com
45,Joseph,Leon,36,Female,Marketing,113332.63,2023-09-02,johnny09@example.com
46,Alexandra,Pratt,46,Female,Finance,51992.05,2020-11-10,xford@example.net
47,Melissa,Norris,25,Female,HR,84046.59,2022-08-22,nfrazier@example.com
48,Angela,Keller,44,Female,Sales,111443.85,2016-07-04,deborahleon@example.org
49,Kevin,Stein,49,Male,IT,104443.24,2021-01-30,zbaker@example.net
50,Heather,Johnson,40,Female,Sales,71678.1,2020-01-21,samantha85@example.org
51,Sandra,Dixon,59,Female,Sales,53784.58,2019-10-15,chelseawells@example.net
52,James,Ferguson,46,Male,Sales,94431.04,2022-11-18,charles26@example.net
53,Anna,Williams,30,Female,Sales,51677.28,2017-09-22,derrickmorales@example.org
54,Christina,Hill,31,Female,HR,88140.72,2022-02-08,kennethparker@example.net
55,Kenneth,Johnson,36,Female,Finance,112101.18,2015-05-01,christopherjames@example.net
56,Tammy,Ruiz,23,Female,IT,45070.54,2016-04-04,jeffrey49@example.org
57,Lori,Petty,30,Female,IT,35125.0,2019-11-29,fadams@example.org
58,Sarah,Stone,47,Male,Marketing,63719.11,2018-08-30,erin21@example.com
59,Karen,Savage,56,Male,IT,37162.29,2019-01-06,oguzman@example.org
60,Tracy,Zavala,35,Female,Marketing,50023.5,2015-05-26,briangomez@example.org
61,Michael,Robinson,20,Female,HR,113056.86,2016-02-23,smiller@example.com
62,Toni,Bright,32,Female,Marketing,56706.8,2019-08-13,tracywade@example.com
63,Scott,Williams,32,Female,IT,95417.68,2016-10-17,ayalajoshua@example.net
64,Michael,Ramos,39,Male,Finance,85740.86,2020-05-20,imcdowell@example.net
65,Angela,Wheeler,57,Female,Marketing,107011.86,2022-08-05,htucker@example.com
66,Connie,Foster,45,Female,Finance,113174.7,2019-07-27,david10@example.org
67,Morgan,Chan,32,Female,Finance,112478.93,2019-04-29,jessicacole@example.com
68,Anthony,Williams,33,Female,HR,94142.7,2020-04-26,jeremyduarte@example.net
69,Anita,Gaines,28,Male,Finance,104759.55,2016-10-23,perezmargaret@example.net
70,Kevin,Holland,46,Male,Marketing,85513.99,2023-08-20,jessicajohnson@example.com
71,Michael,Gonzalez,42,Male,Marketing,88268.27,2020-03-17,qkim@example.com
72,Daniel,Rodriguez,44,Male,Finance,35981.19,2016-10-01,doughertysarah@example.net
73,William,Miller,47,Female,HR,75909.62,2021-02-15,ysmith@example.net
74,John,Steele,26,Female,HR,93156.89,2019-11-14,bethmorrison@example.net
75,Matthew,Joseph,57,Female,IT,87575.89,2020-11-22,terri56@example.org
76,Timothy,Long,28,Male,IT,98533.21,2015-02-10,brittneyfrye@example.com
77,Brian,Mendoza,29,Female,Finance,94345.61,2015-07-22,reyeschristopher@example.com
78,Jeffrey,West,21,Female,Sales,44094.02,2018-10-15,kara15@example.net
79,Eric,Burns,51,Male,IT,110133.4,2016-11-09,stewartgail@example.com
80,James,Leach,22,Male,IT,103351.65,2024-03-07,leemarie@example.com
81,Patrick,Carpenter,49,Male,Finance,55865.75,2020-02-16,kelly15@example.org
82,Amanda,Robbins,51,Male,Sales,78966.03,2016-05-09,angelicarobertson@example.net
83,Laura,Mckinney,28,Female,Finance,86140.14,2023-04-20,pittmanmichelle@example.net
84,Evan,Nelson,47,Female,Finance,55297.4,2016-12-06,jared72@example.com
85,Christopher,Cobb,55,Male,IT,54543.48,2015-04-08,utanner@example.com
86,Vernon,Kline,53,Female,Marketing,65329.09,2017-05-11,lrhodes@example.com
87,Alexandra,Garcia,46,Female,Marketing,112425.85,2015-06-22,zpayne@example.net
88,Sean,Roberts,20,Male,Marketing,103054.85,2024-03-25,robertsalejandro@example.net
89,Lucas,Moore,27,Male,HR,35308.79,2020-07-14,kimberly31@example.net
90,Danny,Hodges,48,Male,Finance,109885.54,2019-11-25,fmoore@example.com
91,Angel,Allen,50,Female,Marketing,87803.55,2017-08-17,gracesmith@example.com
92,Gerald,Mcdowell,33,Female,Finance,106496.74,2021-06-09,cooperjohn@example.org
93,Ricky,Lewis,54,Female,Marketing,66714.88,2017-07-04,becky06@example.org
94,Victor,Randall,54,Male,Finance,44575.42,2022-01-30,jacobholt@example.org
95,Robert,Williams,31,Male,HR,78949.39,2014-08-30,lhoward@example.net
96,Julie,Black,46,Female,HR,55775.52,2014-12-05,alexandermartin@example.net
97,James,Levy,26,Male,Finance,68811.12,2021-08-03,ericanderson@example.com
98,Mary,Page,37,Female,Marketing,54006.43,2023-12-27,hburke@example.net
99,Zachary,Thomas,32,Female,IT,117408.44,2018-03-24,fburton@example.org
100,Stephen,Garcia,32,Male,Finance,66226.49,2015-12-24,kathleen64@example.net
